foot_length,foot_width,arch_height,instep_height,asymmetry,pressure_points,design_type,fit_success
26.993428306022466,11.399355436586003,4.987232587538427,5.0921924421226095,0.9700359750480825,1,1,1
25.72347139765763,10.924633682912768,5.783221993926723,6.139614989220498,0.17080606032544332,4,1,1
27.295377076201383,10.059630369920175,4.811370118500058,6.586394466578356,1.9449227800558044,4,1,0
29.04605971281605,9.353063222294427,5.53805770554144,8.88768765734019,1.0360208627521958,0,1,0
25.531693250553328,10.69822331361359,3.1595779995693216,7.5565531245337585,1.2283724886380227,2,0,0
25.53172608610164,10.39348538542175,6.319940561059408,5.664518430900109,0.47321956541501464,1,0,1
29.158425631014783,10.895193220027732,6.001808213043336,7.486036289417637,0.9669961702136076,3,0,0
27.534869458305817,10.63517180168197,4.7743670533977145,5.452696011061635,0.8582989839166437,2,0,0
25.061051228130097,11.049552715319335,6.988868502648607,8.082691053887073,0.14979168400396747,0,1,1
27.08512008717193,9.464764788439432,7.406355206439837,6.528875348182122,0.21232070709493445,4,2,1
25.073164614375074,11.317394065634325,3.5886602034465387,6.906363811260829,1.6749450392375491,1,2,0
25.068540492859487,10.1975996046924,4.855912832150679,8.325796647542191,0.4796399044131805,2,1,0
26.48392454313207,12.075260872625265,4.846286475319053,5.7128364314157505,0.3899165429972611,3,1,0
22.173439510684403,9.310812181910432,4.590145348336703,5.6028818148870085,1.0098229025002785,0,2,0
22.550164334973935,11.73596380316525,7.244212262897623,6.416400673653995,1.5374942627250259,0,2,0
24.875424941518055,10.197910783462648,5.709260791840794,8.038378851019317,0.12389303715797584,2,1,0
23.974337759331153,9.348581996385551,5.603227738034084,5.480653924523158,1.1536158392765117,3,1,0
26.628494665190548,9.516114165945678,2.99420645338987,4.167844401889431,0.23842088568114672,0,0,1
24.183951848957577,9.67965269180568,6.95312704531384,6.5488411415910015,0.07292210165123691,1,0,1
23.175392597329417,10.424165946401917,4.141112407719791,7.55174079991092,0.10548790432443478,0,2,0
28.931297537843108,10.522835488035499,6.089898945399493,8.200261749738829,1.6683282164168827,3,1,0
25.54844739902693,9.42629999606142,6.416065406937287,6.536838637914601,0.23594496725612313,4,2,1
26.13505640937585,9.975645407739018,8.040987893757976,6.588573392883998,0.0903027288245839,4,0,1
23.150503627573087,12.142270358611864,4.036769401321331,8.153900734255748,0.8757997742858246,2,0,0
24.911234550949636,11.727543170100711,1.470731766268762,5.130258300304579,1.6879869438840496,3,2,0
26.22184517941973,10.436323669674032,6.2757743171305425,6.611479224816991,0.5248167529786039,0,0,1
23.698012845155393,10.0380034781682,8.700766772266281,7.190423889925058,0.8434252350518328,0,1,1
26.751396036691343,10.12003132671826,7.858419529409156,7.4492187212850345,0.07984506512750245,4,2,1
24.79872262016239,10.613517972730417,6.314489122911938,6.490193306809117,0.8981570282697517,4,1,0
25.416612500413446,8.977207434801594,5.262545721551929,7.034441011705841,1.1552261612742674,1,1,1
24.796586775541208,9.742623462576654,7.210683894955966,4.5116726465870105,1.1418141075042896,4,0,0
29.704556369017876,8.33141592612241,4.539680700443297,6.341751587666152,0.6648533843487303,1,1,0
25.97300555052413,10.39922312260528,6.714536654034329,7.453508712554467,0.631066361326271,0,2,1
23.8845781420882,10.64719593970274,6.75820523874994,6.0177059657453205,0.21324723787319577,1,1,1
27.645089824206377,9.516813537700626,7.59031486124832,7.058984221589597,0.7335966412925368,1,1,1
23.558312700057954,11.573986763290034,10.139490058366617,7.446872500802698,0.1989893377459293,2,1,0
26.41772719000951,8.774234336997658,6.5886239507681506,6.657450799142235,1.5331918894241032,4,1,0
22.08065975224045,8.53562511979018,5.236554561438751,7.170463770996571,1.9325485954963717,1,1,0
23.34362790220314,10.224451818559972,5.961638531712008,6.037267434715388,1.9401489133334138,0,0,0
26.393722471738247,11.047098302612154,3.3463861426663226,6.793388720303954,1.7301421987507877,3,2,0
27.47693315999082,11.68392769145787,4.957930303366412,7.610216169589222,1.2015842986792382,1,0,0
26.34273656237994,9.54111573713106,5.386076342830344,7.156972960968434,1.4017313944877599,4,2,0
25.768703435223518,11.078680833431296,5.213867403098111,6.4134687304360645,0.5704116053608281,2,2,1
25.397792608821423,9.961491530499293,6.228532308050583,7.224216404290793,1.2615408403452413,0,2,1
23.042956019265144,9.82737270005918,4.766370101426699,7.714609790636618,0.9112990988797549,2,2,0
24.560311583210584,10.883659937486673,7.681546000986707,4.950058721422522,0.964034679553865,3,2,0
25.078722458080424,10.65232287841342,6.000310597377296,8.159074064955897,1.515553120750316,1,1,1
28.11424445243783,8.42360784301575,5.986049518292078,6.663745261318928,0.5638367111945033,1,0,1
26.687236579136922,11.476540349725896,5.508157925230623,7.425489933240231,0.6360792233890398,4,0,1
22.47391968927453,11.380091354147451,6.232786025788469,8.197246923645228,1.8492835822572733,1,1,0
26.64816793878959,9.37443729849047,7.237647397001452,5.628326302769534,0.11244858970194449,0,2,1
25.229835439167367,10.395803533437409,4.699304676433649,6.290558997572454,0.9712685968266808,3,0,0
24.646155999388082,10.494030186282739,5.012825266387115,6.711451304124295,1.8256016008157234,2,1,0
27.223352577681737,10.260673765823906,5.544410956835003,6.216246478875572,1.220726015636314,3,1,0
28.0619990449919,9.44969484615458,3.9811936147901776,8.734936575836809,1.0928141484242642,1,0,0
27.862560238232398,9.328376632061948,4.771113210417753,6.143227906173207,0.4994883584587104,2,0,0
24.321564953554724,9.974445929008555,5.285668689683011,6.444453220513133,0.6865509781288965,4,2,0
25.381575248297573,11.172729019259364,7.311583771069092,7.204389031602977,1.7040968316093859,3,2,0
26.662526862807127,10.543600154594433,6.393841993502887,5.797850473923911,1.1184362635369163,2,0,0
27.95109025424472,9.629385667913894,6.2903848670513165,6.604319288243736,1.0294843875135598,2,2,0
25.04165152430942,10.771698710648344,7.2763469432519585,7.317453261250175,0.19915942708005785,2,1,1
25.628682046672367,7.1514573793699245,5.793942317400905,6.667139595617488,0.03205631291024624,0,2,1
23.787330051987944,11.148765700372103,6.5856972748933345,6.906613141100052,1.9273703773740982,3,2,0
23.60758675183866,8.2602862212219,5.8451673706012555,6.470667887551629,0.7539723345736833,2,1,0
27.625051644788396,9.637559058596867,6.398043524099442,5.485529690819233,1.2064261241990086,3,2,0
28.712480057141647,8.880330105373856,5.125862013582627,7.321593211339239,0.15943014637456998,2,1,0
25.855979756839332,8.705318524279095,2.341774262585356,8.754933071647242,1.366228571446093,4,2,0
28.007065795784047,11.16082678737852,5.798581256720544,7.018401630783438,1.8651334174119218,4,0,0
26.723272050095268,9.532298798688108,8.13412220414991,7.22526411724755,1.1513305059948393,4,2,0
24.70976049078975,10.346503881730715,7.389323103362388,7.6927227551168595,0.25223064475082113,1,0,1
26.722791211016826,9.953079421120815,7.448096226886756,5.730669503453301,1.1634430549469534,2,0,0
29.07607313293194,10.47704082722312,7.854196082709327,8.702514658129605,1.5326944262093047,1,0,0
25.928347921780098,10.076821891060256,6.132986386442156,7.202328796422802,0.8128330731480373,3,0,1
29.129287311628012,8.71700777581143,6.295973561108394,8.631856899089108,1.7596754958829357,1,0,0
20.76050979182051,10.99626681944714,5.073522156848474,6.266967004476011,1.297365906714729,3,1,0
27.643805008750448,9.506243416838688,5.5258907159594255,8.818061922557824,1.798497836578405,3,1,0
26.17409413647634,8.44341810134025,6.923656724656713,7.775155494034783,1.2470106224946744,3,1,0
25.401985299068265,9.571884839034087,7.805826655753224,7.553040085852358,0.26257594400964845,1,0,1
26.183521553071003,11.50075979063431,5.790830586478501,7.234024454353148,0.6193834222103782,2,2,1
22.024862170798215,10.850221742113494,5.324716102722883,6.75147138192555,0.40358989650491384,1,1,1
25.560656224324976,9.651347865592141,6.0007919382848955,8.200531658473873,1.8176529954337246,2,2,0
26.714225143023494,9.650742295681571,6.901810123393672,7.140359869848047,1.5208001345749653,2,2,0
28.955788089483033,9.678364948782617,3.8342177757996874,5.0329302964128475,1.352796737820012,3,0,0
24.963459563452705,12.076747983560841,2.555728570294143,5.882813538292997,0.6019326392632434,1,0,0
24.383012794213624,10.381935452231554,5.174194725762625,6.814154247807252,0.36808954410042705,2,0,0
24.996485912830927,10.43004164719107,4.168931361128762,7.309998983165555,1.5129021759778236,4,1,0
27.83080423540415,11.030283454031842,5.2377897035290335,6.943411511100104,0.9483158917581593,2,0,1
26.65750221931937,10.238789159026513,5.778329521773792,8.218970789793664,0.45157910430125825,4,1,1
24.940479592465923,9.740957854179296,5.3201273864654794,5.048898135961375,1.2332439563305502,1,1,0
27.02653486622671,9.803650150915022,8.178701301706118,7.14358793650516,0.08066770427690395,1,1,1
26.19415509869608,9.928398740585935,6.49011714690348,5.1820207746128455,0.652340508256507,1,1,1
27.937289981065778,9.962777763490159,6.450711539416242,7.759712295484168,0.9371139891822693,2,0,1
24.595893812245293,10.72762954363698,6.933310716065103,6.905541285557997,0.2959166682188117,0,1,1
25.344675706804463,10.0519458858073,4.291750323328847,7.419609972024118,1.9693089551816791,2,0,0
25.215783693735684,10.73264007721558,7.558667681130403,6.136117039410234,0.4181947291792285,2,0,1
23.072970103735763,9.919283419891418,5.88635357019681,8.27946493165775,0.2607062600865311,3,1,0
26.59224055412915,10.07863519031609,7.005720925861819,8.041724664058851,0.4070697477737928,3,0,1
26.52211054435978,8.001799315467892,4.3922141504397665,7.583544303011887,1.5381222663194485,2,2,0
26.01022691328492,10.916327674702481,3.6693618509759034,6.870482753136559,0.8510113185436856,4,0,0
25.530825733249706,10.346488475897992,7.226834487037543,7.579857285295132,1.130831879505076,3,0,0
23.169258515899173,10.998010109859653,6.564614289146275,6.293107432012651,0.04201831397272149,2,1,0
25.15870935446928,7.10374462180631,4.646922668463734,7.8555556590207125,0.06886261714662911,0,1,1
25.314570966946462,12.088374704780728,4.695505378087958,8.64948089432392,0.8916510996540323,4,0,0
24.39544546155676,9.860410371844827,7.688152176622154,8.070610559979187,1.633310486403247,1,1,0
25.67742857666798,11.108182816737516,4.2158821606990085,6.27039753019259,1.7704777574151305,2,2,0
26.80810171362908,8.960094072874469,8.464009429883944,7.361417317273103,0.17341313519128043,2,2,1
29.77237180242106,10.61277390506257,4.649068898028197,5.706858456241353,1.0767262042020456,4,1,0
26.349155625663677,8.946584436826344,6.957587888412575,7.572390311175676,1.826459372558541,3,0,0
26.51510078144553,9.376231039304194,5.507072286376523,7.450603412862539,0.7759455087957727,3,2,1
25.851108168467665,11.914031353866786,6.904781146623515,5.130183660467836,1.6591316628567372,3,2,0
22.162457569401916,9.809317599236653,5.183828996828711,5.838216156087636,0.2673913087988724,1,0,1
25.946972249101567,10.217432873179723,5.755810640891559,6.716861103256233,1.8707889793355974,4,1,0
26.120460419882054,10.870067730688755,6.061378763093582,6.6991402528591735,1.5028466350626053,4,2,0
30.926484224970572,10.495681887972605,4.496718816327791,5.790523064581195,1.8826687855738033,3,0,0
25.615278070437753,10.150418905143576,7.111236518130189,7.388978729352184,1.353234467105013,3,0,0
26.603094684667226,10.364961002466226,5.230179650292622,7.251473608940512,0.726807863998854,0,2,1
25.930576460589513,12.403415585238275,5.657100126989972,6.805730868021481,1.8763623450494449,0,1,1
23.662643924760935,9.942381202966414,4.508475938087232,6.244208499841637,0.551133552618357,2,2,0
28.285645629030043,10.201099046714967,2.1564995118070343,8.048707126416563,0.6643450441234651,2,0,0
27.503866065373547,11.050654396007612,5.713458356099746,8.655407113088295,1.4016168360034806,4,2,0
27.582063894086094,11.105525932957985,9.618923132419374,6.516438516153463,1.5306325990507725,4,1,0
24.18122509041052,11.18703030556038,7.176906431847035,6.387833082845179,1.8588069676983077,1,0,0
28.805588621872197,10.638730222029185,5.971109430398408,7.491207665411996,0.409604818112419,1,1,1
23.19629787441544,8.856995087269517,5.605663756187599,6.641970620253014,1.595996070438448,0,2,0
27.17371418760054,11.633431532301096,6.0336988392180695,6.860602799336766,1.4770921067939269,2,2,0
30.380911251619956,8.853654606981312,6.820678672762815,7.739653151724672,0.12758911250719573,0,1,1
24.01892734973862,10.302635465239034,4.228780777036732,5.090643912492707,0.7744462824204139,0,2,0
24.867404540794457,9.245724149980642,7.671482542003308,8.31830232485267,0.5655309141201972,2,1,0
26.199302730175283,9.935861653407008,7.073071973161866,7.072680524329341,0.6089808487080608,1,2,1
24.9930486917676,10.328762410303481,7.077278588561901,6.58850685543782,1.9658937591094017,2,1,0
22.898673137867736,10.321357215450274,6.657713608214591,6.910765845778551,1.2855548269598558,3,1,0
26.137125949612056,10.421920754235284,6.029424986540985,6.962429355020519,1.4353523155869992,3,0,0
23.87539257254779,11.613711269058648,7.00929185395023,5.268798696555074,1.9532352746300183,3,0,0
26.94718486127036,10.45353430151398,6.887721200612067,8.494938227453236,0.7544035649152774,4,1,1
24.161151531532393,9.755843364709351,5.468938933588464,7.041325632270619,1.6036803369056118,1,2,0
29.09986881003508,10.964087168288357,5.139597340654649,7.4430021304473755,0.8690619266089907,1,2,1
24.433493415327526,11.189470488924641,6.15278444289298,7.951549770574043,1.7390673436299595,4,2,0
25.35587696758865,8.772392184863008,8.323530227242781,5.9788375424397,0.36131508262260636,0,1,1
27.62703443473934,10.597400069849858,4.141339386519149,7.4734718990352285,1.8953723541285592,3,1,0
23.53827136713209,10.701172742310899,3.79871210137134,6.732358909101206,0.43754341682175935,3,1,0
26.454919869208258,9.702436496640008,6.247141261854775,7.846770775216494,0.652441013961863,0,1,1
28.614285508564855,11.37570681331162,6.076331552784027,4.872772579648505,1.512384468213561,2,0,0
22.785033530877545,9.849944412967472,6.260012496555612,6.900905699758731,0.7875102831308134,2,1,0
26.36926771706461,10.125576453471542,6.36592979686275,6.397179344216038,1.2164227535328933,1,2,1
26.519765588496846,9.82692817571613,5.665196618047792,7.432262950634155,0.889147002138857,4,0,1
27.56364574355462,10.015579047581468,8.234795157903124,7.470044187368202,1.4847398741795637,1,2,1
23.526098578243836,8.903724913104798,3.5986440322852267,6.292374105177974,0.4566625047372217,2,1,0
23.359086773831446,8.559949117405706,4.757254462829631,6.287826135823956,0.11691597447375401,0,0,0
27.043883131233795,11.594505063224972,5.845117859776429,6.88933463144267,0.5998587949461325,1,1,1
26.593969346466373,9.153038651681673,3.535216783268749,6.103357772684792,0.9486173297368605,3,0,0
26.500985700691754,9.008607650543693,5.736218393351893,7.841983695452127,0.33604010438535714,3,2,1
26.69289641899395,7.846609886396285,8.492205248592027,6.6307927995525535,0.7095945793127774,0,1,1
24.63995055684302,9.361038252310498,6.031329732443942,4.093011780678358,0.799966036587137,2,1,0
26.464507394322005,8.676910206592503,6.346051358578025,6.625177943378194,0.1147836873765471,3,0,1
26.58614494659736,11.642015160136369,4.1097528522411295,5.961456179156028,1.166614496368409,3,0,0
24.571297163947264,11.009817089342635,5.075457887940784,5.3687241845390545,1.768686855942575,4,1,0
29.731549022289514,9.311849654822277,5.437205429514094,5.762573361777427,0.30348582590610484,1,0,1
26.947665841823575,12.252435805344309,5.523427354865649,7.10940847183297,1.195616026803028,2,1,0
23.617393005594703,10.981765486991595,7.922465692505654,8.328640828248231,1.3294784098216925,1,0,0
27.31310721726766,9.675168616491378,6.836536591087687,7.31318447386498,0.8386693608385767,2,2,1
24.050636659545358,7.500594285126427,4.332813064594452,6.39349661178426,1.40219517472854,3,0,0
27.574169207484903,12.290942572590742,6.369757167648007,7.455904195170703,0.8214630869820241,4,2,1
28.317191158014808,8.610427533236404,6.747332622745178,6.540909689781008,1.0092745759548698,1,0,0
24.358635363296578,8.354601253043109,7.7102235577819,6.305399630836855,0.01470608910885396,3,0,0
27.926752258488644,11.02257043200964,8.370811029852561,5.845637331767016,1.3834402282693776,2,1,0
26.825561853872998,12.439752406339274,4.477358712258197,5.248171193248281,1.3226853578894489,1,0,0
27.64412031998898,11.384272818510517,4.783713733184493,6.610076293440555,0.07680175465268912,1,0,1
29.793585965307894,10.56390912005236,4.113633211628075,7.158053489920132,0.7365002147902662,3,2,0
25.50922376799426,10.594754341665286,5.6489702113395275,6.90337632998511,1.9580636815833348,1,0,1
24.49252767128502,10.853415558780307,6.699537561669501,6.584033072052641,0.8414731251372336,4,1,0
24.220971140748954,10.758928589786764,7.481001774883653,6.054253939303219,1.0038908102636834,4,2,0
24.368379430069123,10.281191423969375,5.886073464536216,7.608246191684969,1.8198603163194371,3,1,0
25.845796581171793,10.104201103951876,5.520228715117734,5.6828680800534155,1.4345237517315128,2,1,0
26.682303949633287,9.937406872100478,6.227636988373111,7.776027913843476,1.1641402622484471,3,1,0
26.55338159866004,9.246035411133324,4.747285647554966,5.997782981073275,1.595609362682145,4,1,0
27.654366498072047,9.719324923133225,9.13430808254216,6.247564762646965,1.7287325329119465,0,2,1
26.026003783755815,8.307043185804615,3.588508459322912,5.533214809384323,0.9137761434745337,0,0,1
28.907068154314633,9.90166037320525,6.277110868343587,6.498597853114363,0.9502167298636708,1,1,1
25.47068633352409,9.011408892849083,9.035409328844459,7.975312458477979,0.7721018713036716,1,2,1
31.440338333179238,8.896410682784229,6.010199766839997,7.515628088443957,1.9334122800369211,0,1,0
27.251334695530012,10.179894151153478,5.7149414474977585,7.978422112028035,1.3943325085807008,4,0,0
24.285684887167434,11.3920022863446,5.463831865784359,7.522142545933936,0.1664461324161446,1,2,1
23.858215003877774,10.918316606002312,5.729412477356388,5.89633017146963,1.725919246626037,3,2,0
26.96494483048637,8.429499396376823,8.059272712014796,6.669210775672442,0.9611198816725361,3,0,1
25.5530744293483,9.010371863429663,2.6822071330057398,6.219800870882537,0.13750781284497493,4,2,0
27.428000988184184,10.940771187988215,8.300150551944489,8.33057490403904,1.099434510326622,1,0,1
26.94647524914709,9.01751260646169,3.864064271324782,5.803211353573689,0.8343285579514041,3,2,0
25.854342174686256,9.775366850002975,5.600021506148378,7.893697689389111,1.7554988097252497,1,2,1
24.30641256386319,10.550052099024551,5.3561333695520075,7.892953870108769,0.40798920721877474,1,0,1
22.97030555062827,9.031655545136365,6.88282990465608,8.829620201716088,1.6529292189843658,3,0,0
25.106970095865957,10.10537550614596,3.6028134721743785,6.590313407370503,1.1153773823709054,0,2,0
27.712797588646943,8.665974505081795,6.693258999122914,7.712322159580162,0.1092206064269381,3,2,1
26.42818748826041,9.398632356048786,9.036464434930279,9.281651836538842,1.9436906026509693,4,0,0
23.508522442576023,10.319781934142537,3.9552389931107843,6.3823583230663035,1.0252304882063998,2,0,0
26.346361851702365,8.407006266468331,6.284559251415594,5.4649597524676405,0.581753708463165,3,2,1
26.770634759457675,10.440474737960399,5.007026733305087,5.119989966092236,0.9388136839785162,1,2,1
24.232285127597734,9.98036220107332,6.638830809289553,7.712712028861331,1.715715567034978,1,2,0
26.307450211891055,10.552489954417148,6.028721666123628,5.116849791941416,0.609806248770127,3,0,1
26.116417436892,10.223914134064662,5.037769636433536,6.627680947062077,0.38535279297340064,2,2,1
23.714059404338755,11.364140429973844,6.7318084273066106,7.437313187038961,0.2581424938617629,3,1,0
26.715574720696566,10.125224502647907,8.706522164680115,7.185175536829914,0.5957187967804225,2,0,1
27.12156905273647,9.570594458874748,5.713644312409052,7.425444864184172,1.560096174080087,2,2,0
28.166102486350553,10.122297503032284,7.079636913222273,7.222289855800854,0.9432527303905234,4,0,0
28.107604104069807,10.543298029036388,4.0600905631932545,8.278865813313393,0.45496320738707996,1,1,0
23.244661264085817,10.048860070325704,4.565345434772987,6.047683619261203,0.3323699992194984,1,0,0
24.124349920169756,10.040591691203883,6.7086094168205666,6.3230048615414685,0.6654589530207582,2,2,0
27.03007053441732,9.298008312193245,8.226174042803947,6.227340554729176,1.8798487457714177,1,1,1
27.027571901824416,9.337099082449052,6.53342002317849,7.83019181186261,0.6860534251800487,0,1,1
27.030095372612095,8.597394728200307,5.530412954215269,7.900398588395063,1.9762481519092707,2,2,0
33.705462981309445,11.749576743186939,5.998937108135031,7.4512253193185085,0.9704609115307123,1,2,1
27.141781021386333,8.756136764608716,4.124388399045424,8.183493666889929,0.35832783658030176,0,2,1
28.271131280361196,9.307094802204093,6.90677298953305,5.821959132623619,1.7822801835870188,4,0,0
27.908003526986406,9.281592734430802,7.3234995934851135,8.667224111551137,0.9207107462696538,1,0,1
27.302782502611596,10.894924376944441,5.3218645007503795,8.523238621712258,1.4193426870090489,0,0,1
25.369461510719308,9.705050321707972,5.294936778360748,7.7356219972457465,1.9674231664183035,3,2,0
27.517938440986534,11.247742072673734,6.398817344478073,8.78179890877106,0.100350700639948,3,2,1
24.454349570924855,9.326509375756132,5.3449203959391065,5.343376792322227,0.19338911957513427,0,0,1
25.526362786519982,10.278994162223801,5.900801078061266,6.475551863737348,1.4409134829255124,2,1,0
25.02927290434179,9.164652946740242,9.149582683749774,6.264696539318048,0.563650006590944,2,0,1
26.163748278772644,12.145149127773388,5.629461448881005,7.721479323757343,0.3686027939001981,1,1,1
30.629317133347016,8.812401580970487,5.462489771968166,5.949859260397854,0.07872375963945899,3,2,0
22.265469614816503,10.309820710227028,5.028687291547262,7.757495149337485,0.04369342397240361,2,2,0
27.372520380749027,10.633776880932098,7.116287957249905,8.370536143996713,1.5489712062395817,2,0,0
22.774568257620697,10.413799097451498,5.728163740172845,7.695202900083999,0.2688668547391,3,0,0
25.056136268421135,9.814712341122291,5.025940442517861,7.283751023661501,0.9354412319423018,4,2,1
28.177901193934733,9.870179300266575,7.9819560484095184,6.012126659099251,1.211793630358966,2,0,0
26.128560038190926,10.04381147197911,8.129404506770456,6.1531490338746355,0.8567036011376925,0,2,1
23.844510444141388,9.852997998371512,5.099364651391943,8.249618905296666,0.05421330467246621,1,2,1
24.569392581480063,10.96387911679491,3.2001900729590758,7.779349003905333,1.5670030051758177,2,1,0
27.35919549786935,12.210523001591351,7.511270534755383,6.960980480622456,0.021026449083306975,2,0,1
24.539266736565725,9.442508214992166,4.973055261359994,6.582090454234109,1.523779788754968,4,2,0
26.43291717916395,8.630197020420923,7.1859383987441525,4.974192126888623,1.7866089875762454,0,0,1
26.091143679807626,9.911717951648745,3.044844273432247,5.929147581315561,0.8656798421143446,1,1,1
24.696799304788367,12.579709337654318,7.338896007448964,8.911419087139723,1.0710849461955965,2,1,0
30.28788817865065,9.19632543203027,4.183242106078828,5.7195444289975335,0.9539667852353075,1,0,0
27.267838044636022,11.639116805444068,7.096146178599787,7.189479821221081,0.7784172372468776,3,0,1
21.949714826684787,11.677700814076442,6.021409601754651,8.007443973195198,1.7748490707407205,2,2,0
26.372908629538856,9.446411758292005,4.569090870905033,5.745077331997708,1.787867021339981,2,1,0
24.676427070463223,10.568983079185275,5.389445530609829,7.184710474781084,0.671632729283069,3,1,0
27.704866669592448,11.628396623128538,7.029477685435051,7.937915537510655,1.230139508029396,4,1,0
24.414958523134597,9.620872259012513,6.158841679672851,7.01249932190725,1.8538151242917282,2,0,0
25.7705271170662,9.796419639897639,6.876619470708726,9.868403055666768,1.924116997882703,1,2,1
27.009974557960913,9.418319086051357,8.964660876773229,5.331400741121804,1.017918080844095,0,0,1
27.731510388340244,8.985243269307134,3.653637582433423,8.05872852988388,0.9056496105686536,1,0,1
23.59940718588845,9.350722454933994,8.425818862452935,6.8271982626035355,0.5573886318570516,4,0,0
25.330997528318104,8.776059733237744,6.156533906284819,7.771920154836675,1.91774374638082,0,2,1
25.050109377678087,10.034083468259226,4.6518239275153075,7.441307151699246,0.2856286089457347,1,0,1
24.693341534852575,9.230026768941357,4.004529561391515,6.266843802890003,1.15965915209545,1,1,0
29.530908480562193,10.233785911790747,5.71631941383445,7.22899639245934,0.5651005350372778,3,1,0
26.80996342192191,8.444104353796373,7.382475167886689,5.142098548601712,0.5580165806955932,4,1,1
23.47823209132991,10.330880232214458,5.808676319433698,7.603247500571394,0.8099371747523769,3,2,0
27.835723894109552,10.833528961608925,8.266732395371022,7.298158465990525,1.997585871631309,0,0,1
30.244312394025265,8.006264357428545,3.823236464922662,7.638660168643103,0.10993261367964413,3,2,0
28.064930521102294,10.374056569847571,5.981866578230918,8.05811832508715,1.157083636407063,4,0,0
22.961260068091974,11.227668992473292,4.121409833380321,7.367619840209711,0.16514431607055435,2,1,0
25.0315318542675,8.790358981308795,6.545447823937452,7.148089419798276,0.30904165998103794,2,0,1
28.533822298373245,11.672572386837704,7.33033108514595,6.118931663338707,0.8791258835457973,0,0,1
24.58466106876244,10.419019009366044,5.36885730947842,6.287779236350949,1.0209202626928826,2,0,0
26.887638856292458,9.294988144241591,2.0936792150592987,8.186734620177331,0.517584816729048,3,2,0
27.549268106858673,9.944230922342294,6.298422220194742,8.436335405705979,0.6329142617488324,0,0,1
24.146139056843833,10.558326912521723,6.655107827600264,6.761889563687946,0.17393404051186612,4,0,0
25.8809492878764,10.076005391412412,6.606442132442546,7.046002747253274,0.606439567688501,0,0,1
19.517465319861856,10.538755992446369,7.853673287733232,6.095385625006234,1.9331168787610882,0,2,0
23.95122471733142,9.079326406920634,4.393419480526427,8.172756845267445,1.8894147633449634,1,2,0
25.49486369721368,10.169360824036078,7.020324158175674,7.665416823691778,0.66975658027397,1,2,1
23.504433636070303,8.58628550309502,7.7887612687169625,8.941217436463749,1.1417078725575232,0,0,0
29.26482260786327,9.8887739386513,3.3321186239902247,6.121676922820261,1.8191907822218887,2,1,0
23.139717244078735,9.096092358535211,6.479477738878466,6.621992100981783,0.012367645281793349,1,1,1
25.119911026606033,9.264470057410234,5.243730253488493,7.231445922525572,1.6213671406751837,4,1,0
26.261481154572184,11.236093175210437,5.877715990347531,7.6464895377257704,1.896739105577838,3,0,0
28.88254657813223,11.091310120594269,6.5215147253075045,6.784332362452368,0.18265146866711413,1,1,1
23.128275697641122,10.609138120907177,5.2691571538296715,6.127038909546299,0.32289537206584207,0,1,1
28.32632750430992,8.90768723532742,4.986437881257582,7.881407528923571,1.9214926055427108,2,1,0
26.020466122039174,9.683591550305199,6.051228626232037,7.721135362545581,1.0750802872806926,3,0,0
24.036982697904097,11.213097699979183,4.369131091705796,6.083725899436275,0.028393268943447403,1,1,0
26.924206948526543,10.141716913639904,4.371262306672222,8.355442801105497,0.5152639975270583,2,1,0
26.398119391146942,12.319329539981695,7.019059924434755,8.170198709196605,0.8998873485377192,2,0,1
24.79956624568241,10.393317839394372,4.276808947262015,7.134296497247793,1.3858178220495354,2,2,0
26.13960416998004,10.19204911649003,6.999468751363818,7.079597862376036,1.4663207562735991,0,1,1
25.22937280627648,9.690883535797498,6.693886939280927,7.554057771115907,1.9908430258509122,4,2,0
26.227034690502496,10.133540904782283,3.4112899068141047,6.138296929743742,0.575022398767518,2,1,0
27.324261349042093,9.847530163619457,4.983653021496517,7.030031479164082,1.0764402037369505,3,0,0
29.172033632290706,10.70810867668859,7.791164104571059,4.84761645539082,1.06664709571921,1,2,0
23.5243690023463,10.956702316794583,4.528251703290477,7.8764556455029355,0.811290518894475,3,2,0
30.266066749312532,9.214010539492051,5.303393606535918,5.438506777558141,0.3383237876848404,0,2,1
22.095824400954996,8.668767046442222,6.693091339877845,8.503419828429,1.954913126367685,0,2,0
25.696429809928834,8.163794626896703,7.175085763923893,6.669879906033549,1.7066343733331721,3,1,0
27.176634412969154,10.507991326912544,5.622691670933256,6.7883330180688235,0.9966660565884744,4,1,1
26.561983735470065,8.896633393826127,5.103734707962538,6.372266093915495,1.2064908453680596,0,2,1
24.75460096035881,7.847109407047517,8.133554792547761,6.711961126077924,0.4545221071193246,0,1,1
25.58375549928545,10.388578604530965,8.608349495696368,8.418531345148036,1.0875741407834938,3,2,0
25.013998130682335,12.492999517432791,7.468287076172693,4.51219134346492,1.3899402662429516,0,2,1
24.821270486111576,9.993929088460106,6.127977213847536,8.276965386088188,1.0303340567731776,4,0,0
27.69920419404205,10.838490774451643,4.78760141753861,7.338023481101708,1.9805703411698825,4,2,0
26.714030971930093,10.081829358547566,4.7543333901651526,5.792978352142784,1.2226833124954524,4,1,0
24.614180809478693,9.901110346808858,6.783771157898636,5.924687606950762,0.7419474251843381,1,2,1
27.799199750866503,10.91907648298777,6.627597331333026,8.676393027208203,1.5443040552316762,4,0,0
26.61459904175322,9.709725455811348,8.102397889419644,6.054493120057269,0.3409250231632841,4,1,1
27.62572423767792,10.267392314071904,6.975675138804209,5.84664948940404,0.7690316274125331,1,0,1
27.259257683847224,10.321697806196013,3.745379547360273,8.137314542364729,0.6939179007551717,2,0,0
24.342009978155854,9.33190954635695,7.577921426584378,7.338552876285914,0.8636141902155545,0,2,1
24.87963791960606,10.992042349536522,4.502909059028381,6.062074423463601,1.5635596518574526,4,0,0
27.494587210246525,9.825040243304592,5.424043092071472,7.216624975404619,0.9683460643268149,0,0,1
27.22074053086693,9.244254840507155,6.3753003093775416,5.9742473163597225,1.5880289005319255,3,1,0
25.958196812071705,10.536509843570403,8.993501234675946,8.100821398422605,1.1529778062797318,0,0,1
26.234654766617563,9.101532018208962,10.664877834008042,8.061370964873134,0.6841388693151107,1,2,1
28.55532979157685,10.028181157369128,6.910084588704274,7.532006198821943,1.619957487366945,0,2,0
24.81685722232834,9.990881003355797,5.725205071919418,7.361661061247016,0.47657934110618316,0,2,1
27.094194762340077,11.085895565831578,6.801758472720826,8.761188124867374,0.448765959599591,0,0,1
25.595614695132213,10.474698232879954,7.3314831388107535,6.9996863273882255,1.0090058481096715,2,1,0
25.56463759354556,9.974973041254856,5.518998561664213,5.818125874579199,0.5216984919241778,2,2,1
28.19755370397438,10.817766299200287,8.692817033868483,7.449473912832307,0.018174069902432644,3,0,0
27.65083269797606,11.390207549017314,6.345106138787103,9.086047049537115,1.296595054597603,1,2,1
27.627019272001277,10.557810306351863,6.746614633637091,5.985240506814148,1.022187642944796,0,2,1
28.61095761430866,10.010352619843381,6.998886378081692,6.638537233306014,0.8910356289863224,0,1,1
26.042007683265517,8.68816376764984,6.632379915921684,7.416446038101452,1.9339370292366307,0,2,1
27.363905942589927,8.934886336924627,7.258410750704418,6.946095150994261,1.1423983679258274,0,1,1
25.379466486813087,9.694775295645332,5.074120220179616,6.017696419622686,1.726863155578769,2,0,0
26.648332704976884,9.390487797840716,5.162547369080954,8.12185785623047,0.27890047241032034,3,2,1
25.739713891264632,9.813028697014554,4.349768650542458,9.320040722017259,1.1384129262588554,4,0,0
26.193991929985437,10.056649924897107,6.659251845930339,7.196131459023907,1.7359592534618058,1,0,1
27.190314050873827,10.52969275435673,7.168404755268171,6.095931710264,1.166211514559796,0,0,1
24.363558633533057,9.929501221940908,6.686659299227829,5.4510394749465245,1.436028356254003,3,2,0
30.18477455137092,10.486501643826202,8.511738650021305,7.257975981221181,0.7440871356244148,4,1,0
23.987965237000594,10.064474414810121,5.99160597175643,8.103877343316258,0.18489903407413322,3,2,0
23.571622774424537,8.024533433646129,7.003112483388769,7.475167746495382,0.9158005902541428,2,0,0
28.316221747000135,9.060664606181245,4.362448685791028,6.997596159081146,0.788958781677715,4,1,0
27.58332538792587,9.855912444278385,5.419350446288399,6.410728348210694,1.7341203647578947,3,0,0
27.24823963410431,8.790305257158892,7.0433066363486665,5.90783636728191,0.4879906047049445,2,1,1
27.25669101852856,10.599928729996204,7.273653166114716,7.8347513263248825,1.9334684550702161,3,2,0
25.97550645430617,11.530750832343697,5.559049578503727,7.913771621385585,1.9162762396089923,3,1,0
24.20549125702834,11.218761851697316,5.892601122212899,5.454270213309266,0.4952632861428774,4,2,0
26.15160911638745,9.786557129069791,3.723189379978786,8.589838978180683,0.696103910954641,2,0,0
24.645676576975777,11.490726136849952,5.464456198790086,7.574071220894002,1.79111148174777,0,1,0
27.9502394668355,10.148667457202112,7.335574745279679,8.399594645145793,1.933244441792215,1,0,1
25.705885236995723,9.66291402888196,6.86280752415985,5.657872251514885,0.8868782056720881,4,1,1
24.349005606414977,9.38659733645906,6.750998582071815,5.634175844584561,0.6419940912817956,2,2,0
25.357228316694012,9.697530313511871,6.07466053077144,6.851030690232703,1.052188026503084,3,1,0
26.825862908551247,9.611823181458771,6.010594737942265,7.502784426895194,1.3755384127314696,2,1,0
24.87255089439205,10.170416222375488,5.0095182907898295,8.796360822926964,0.5469490307499596,1,2,1
24.355559208867138,10.160573981049865,7.048242630303802,7.706078913815132,1.4729463492381456,1,2,0
26.487374422983823,10.003046020153414,6.631459416584085,6.757318723187967,0.10331471422928207,0,2,1
26.489933142217446,10.43693816974635,6.738028271989199,5.973630792334108,0.09858898552883288,0,1,1
24.98611364925774,11.190646274786342,5.210947735998629,8.23000057271915,0.7725754102910904,1,0,1
25.057923388763353,10.949554135441323,2.7699856201931334,6.035294574249285,0.7069463841214412,4,1,0
26.464099874715274,8.515102031550096,7.645729067630544,8.628468554772322,0.6312664307343046,4,1,1
23.10383131700535,7.446078865098045,5.281743815987394,6.715615350393491,0.98203952533782,3,0,0
23.18507245124689,10.934319911239275,4.705836353935319,8.59058207261785,0.6414671646231425,0,2,0
24.563111557495127,8.633121301584579,7.04021836787099,7.678931290059278,0.38451583693618385,3,1,0
25.573105696576306,9.775234598107316,5.411981040121305,6.863004510557542,0.6189390981772018,0,0,1
26.62181513119601,8.82988697394064,7.589904576069933,6.480603628173873,1.94980854562047,1,2,1
28.950712433899103,8.19801956241998,6.9255089243650465,6.65909212265392,0.8222268339896972,4,2,0
27.71531924640404,10.541462728204788,7.0253539848007165,7.428316692375238,0.8894255537166715,4,1,1
25.680122940073147,10.759155160302647,3.9510664331991987,7.077156496217717,1.15308997990228,1,2,0
25.96196758419462,9.42348959927328,7.817915978079601,6.406188591931295,1.9666815368284531,3,2,0
23.994941270724382,7.40895770785509,6.391875796850784,6.834368589682367,0.483202552871526,3,0,0
25.96297372801522,9.453755551747518,5.4460842911306955,7.07857702971915,1.3625642210648676,2,0,0
25.422682722159724,10.391804005402546,6.215082701013377,4.871265905585188,1.4319693870834482,0,2,1
26.645437120676178,8.521088431225872,3.33564715065252,7.458168114788698,1.2146488335861318,3,0,0
24.345538112895355,10.183359919779155,6.612979217221007,6.020278775283193,0.17715667927328815,1,2,1
27.038693028482346,9.984690150827005,4.455942737726893,5.846667596794255,1.353744551655153,3,1,0
29.065477826005157,10.579291499601089,3.9709945712346983,5.31265565288929,0.12818942207235096,4,0,0
25.782479703086285,10.119580368414153,3.716461220673163,5.2061075021321095,1.1922852990997939,0,2,0
26.803423444197882,9.026931059118445,7.669032562484888,5.6445524968877105,1.4791623544434853,2,2,0
27.380287983422225,11.196571501664492,5.056104909460817,6.29097904236951,0.42193978123990084,0,0,1
25.19755905622833,9.84147042697303,8.300591564874749,8.953259137526569,1.683244015085548,4,0,0
26.448184963620832,9.972695460490067,5.196297805421553,6.474120324104796,0.06070761106600853,4,1,1
26.02518480156359,9.066732040926803,3.43896306361058,7.177750106268031,1.6876257273166122,4,2,0
26.195352197097662,9.55671774880849,4.325213340077012,7.400481386506328,0.9206581012855302,4,1,0
24.453980432289068,9.1151972859731,7.853717430010408,7.1310651862158485,0.435175879863289,1,1,1
26.049020348517885,9.827053940076578,5.766152733094999,6.922556539274006,0.267556289987936,2,1,1
26.9959965824909,11.711708480142343,5.177569055264098,5.804706236400755,1.906614335164745,4,0,0
28.902287215590082,8.628098857068643,6.240027338779181,8.450927548279212,0.14533117516231342,4,1,0
27.918541652170415,8.38643860212326,6.752674104251318,8.807196643637885,0.39818683987185133,3,0,1
30.306364915023114,11.471170327493608,7.676098223853691,5.3173413058773145,0.6956446948660919,2,0,0
24.4653048742239,9.790676322848133,8.17274884483939,5.975971409113621,1.240469697922241,0,1,0
27.744641273441356,9.330927261340083,5.460347031316371,6.720189657622994,1.0896021705521968,2,1,0
26.366684011476703,11.039904687396076,4.010928470876943,6.035462205089809,0.25128698482462797,2,2,0
30.379605866435345,9.394384460263137,5.379802258315086,7.505965553455865,0.5794559674764292,2,1,0
24.383403429289697,11.826009713546936,6.3904207598743294,6.271727797593387,0.47750354217204816,4,2,0
24.32055631563845,10.67792587133927,4.554361610684084,9.165056067806603,0.42708570898068277,4,1,0
24.801214709111957,9.512088591854297,4.564273627657435,8.190548594343596,0.8222886729599741,1,1,0
21.752208551380384,12.157308213265503,6.5156818223248285,7.212574030632215,1.4080629051833138,0,1,0
24.94848995663848,9.394285076996661,5.9270214726443236,8.026986263319731,0.4349058644344719,3,1,0
24.481734676892604,10.742095372009308,6.04919549311738,8.105900424357309,0.7333577594059628,2,2,0
26.300787572952416,10.299292580406492,4.8622569979498955,6.436052511941757,0.7818348536823245,0,2,1
26.68351195155432,11.301741289398798,5.654398928691349,6.183782755458036,1.9529130588708203,0,1,1
29.752341678431772,11.561511196726853,4.6136502835975435,7.078143062969647,1.9093327137581377,1,1,0
27.900847676372102,10.032004149065767,7.33529761668718,7.861636124497944,1.6002751655041518,3,2,0
24.846192688675195,9.246582129653817,7.552874002085629,7.139060398653418,0.4833178416383703,2,0,0
24.203170657303286,10.459972142939117,3.2307182066428592,5.423003517809002,0.13607462818333937,3,0,0
26.983838343013012,9.322284630247895,4.6057337097113855,6.1971755560491575,0.6338082754412495,1,0,1
23.359533585958715,12.013387247526623,3.7552061173648816,6.926027136405622,0.5335890988676617,4,2,0
29.662917531708707,10.136535331082737,5.024964098389653,6.92433439567417,1.0118516002927878,0,2,0
28.358880241442574,9.634678448687891,5.874843045314459,8.972542176789808,1.5554558201355861,2,0,0
25.06164869579059,10.184680305864909,3.8255321704522047,5.614012057601002,1.716645877757716,4,0,0
22.573730941818244,8.652873710470303,4.6172102803120305,7.5055892418358745,1.689728170821017,1,1,0
28.707744748330825,9.028385961489349,4.494063941877752,8.48911310832829,0.7193511224461355,3,2,0
25.770920309494763,11.200413907944425,6.310900994098416,9.271449745422796,1.3744686869213658,0,2,1
28.47563262394692,9.343105721028603,6.104016505554376,6.595602576816039,0.6256683950484401,2,0,0
22.811144682411268,8.95308901731806,4.91739366999412,7.4914294527202,0.12181108647036543,4,0,0
24.801249954092455,10.536652752527287,6.265231308209097,7.569760357198647,1.4031305312058846,4,2,0
26.010487399436368,11.185704154662997,5.179979873119102,7.195481731553291,0.01965510513957569,0,1,1
26.093961187529484,10.718953310665066,5.59251733451092,6.901154798760694,0.8183651749169771,3,0,1
25.099869057041513,10.996047685805816,8.510178135447806,7.4359753895000456,0.6587585386041515,1,2,1
27.245699864695,9.243204911430539,8.010691577685522,4.467753914780315,1.3867550770377048,3,2,0
23.86475914123481,8.578189333258155,4.050628144608604,7.682069490062632,1.5324909455207578,3,1,0
25.71524102995741,11.501333651955488,7.244598626818762,7.126177903661967,0.6081892719425677,3,1,1
26.2405912634238,9.677320161157864,7.217094831737388,6.777525103221735,1.623254028889707,0,0,1
27.0288776681175,9.749166983544953,4.277605066871073,9.046862195719559,0.5878335210098675,0,0,1
27.42322975617778,11.328194141849059,7.228166465632291,6.325065981209447,0.8926527199731225,1,0,1
23.750715816324263,10.55623000940066,8.30689787761883,6.596924010934969,1.4540370540282679,3,2,0
22.931771658528756,10.455887772081608,4.316182790633379,8.991553302204734,1.3858404584495772,0,0,0
28.55535364379702,12.165002344901083,4.623745768478605,6.167938695150143,1.9747369446244,1,2,0
26.66462802395918,9.356481769619856,7.5264922002652535,6.449884717063461,0.45032204843186374,1,0,1
24.503026926886893,10.927840128081238,6.4072429662384724,6.85297457656915,1.3246358270791647,3,1,0
29.102303951045045,10.057013124897084,6.827214412859285,7.840734482129549,1.2193638165515548,2,1,0
26.231349268585717,10.268592278863258,6.510883824600745,7.207802507353313,1.8301969089800598,3,2,0
28.358594368127655,11.528468426412532,6.586043881392216,5.707374652847737,0.3127242832897501,2,1,0
26.13503696282022,10.507835756289623,4.010291807533376,6.46783143687281,1.503596327173866,1,2,0
30.121495849763974,10.538296079049633,7.570976559932173,6.392645566787788,1.1365372325375367,0,2,0
29.510681684886407,11.072507337309801,7.75438498864166,6.9227789547769545,0.5493317395758108,4,1,0
25.502071703041853,9.635047270457115,5.655913883897958,7.425843658629829,0.9488698282943482,1,2,1
27.94314190190871,9.160790332660994,5.934784575279206,7.418205755887972,0.6675531941395956,0,1,1
27.290751899170296,8.955190805978967,3.7033387461664167,5.223988245951598,1.1586268055769218,1,0,0
28.737263115064696,8.033643410623998,6.771382134026752,8.063940987560857,1.7780012216293317,3,0,0
24.07015307883979,12.056207129940322,6.858086162571216,7.252568845996623,1.138609968824404,2,1,0
27.372102919996877,8.896791634278317,5.906713474501034,8.384532047593906,1.263444836653168,1,1,1
28.116848973699177,9.778746376414228,7.6865300398057546,7.444198327290672,1.037495694229419,0,1,0
22.482521027153773,9.723186700111079,5.498884153530089,8.101322957735762,0.10233101289095181,3,1,0
23.63348297466845,10.307406697809101,6.8469088888404,7.466545311450127,0.4657171137521885,4,0,0
21.9215356444798,10.815737212539297,4.470503491961827,8.346225756202749,0.9840034588641655,3,2,0
25.461186331110884,10.860473488359744,5.964671773688643,7.5222506360177785,0.6204705674894095,2,2,1
27.435084511591924,9.416922561431061,5.738468613145746,6.902084753557096,0.36352719552238844,3,0,1
29.004714104192058,9.832878286213589,6.337961883061412,9.272434720446881,1.0082656838368766,4,2,0
26.14818956083955,10.2825799504883,5.445709606749962,7.889037122279892,0.6456195868957006,0,0,1
29.257231091142582,9.751308873816454,5.802791106492498,7.573744421004413,0.5162152863468294,1,2,1
23.239797083570217,11.607345576019993,7.23907075716226,5.723695583461664,0.9279708348807616,2,1,0
22.59323512128969,10.49097495163825,5.344853644142674,5.711692382536462,0.2665685161643463,4,1,0
25.88890460220676,10.734877786049818,3.590134348891981,7.292715482141853,1.8554914661508146,2,1,0
26.768130897878613,10.662881268667412,8.62437585630813,7.1455211977682405,1.735404195838478,3,0,0
25.934610503811815,11.173473857485325,8.07218111803573,6.385877434991684,1.4152411714810706,2,0,0
21.865115799920247,10.181021558703707,4.0616059573415715,7.14098269961206,0.21242765517691242,4,2,0
25.821759920974422,8.703168052044154,7.034561707867791,8.588626928043595,1.551754508939386,1,2,1
23.391060998990294,10.399687951752641,5.245537844172985,7.695402474550299,1.615914656218038,1,2,0
27.339345097660075,9.34864310620817,6.39523082299659,5.858991490247262,1.5355292354286754,2,0,0
26.733196492193695,9.471383318250243,6.4413361935202404,6.888491172857056,0.22793177423848232,0,2,1
24.12024042734529,10.586364018755093,5.648388299525517,6.195033519147439,1.2878159141355294,2,1,0
24.972266165326612,11.238283071433635,4.824351501620406,6.612300083591439,1.668649591498797,3,2,0
23.881572956222097,10.021271576736062,4.964188421525611,6.586384334370357,1.1547068024393354,1,1,0
25.874641805453656,10.308833012598964,4.6257121267781365,6.522354417395995,1.292814750456178,1,0,0
27.910284641002477,11.702214944635237,4.752266687654333,5.744864628026605,0.9167269588526124,1,1,1
24.028547907328914,10.240753179488568,5.899232564925967,6.87234531848181,1.0574146397681052,0,1,0
27.00809303103569,12.601683114180394,4.926360016333872,6.43939236315269,0.06875371670345043,0,1,1
24.93948476325512,10.565509645631543,7.02307809856893,4.070551309997732,1.2779260439465692,4,0,0
24.414254335475313,8.239237240844183,8.23086923300389,9.052972024501663,0.16289442578231839,2,0,0
25.785939280090883,10.753341621104532,5.129920137944936,8.088769654216673,0.8700291886804468,2,0,1
23.92951535516125,10.381158384882777,6.359106750803066,6.623699275075004,0.5853101953348157,3,0,0
24.892701389305635,11.289752754082745,6.7495276654544005,7.018819049740598,1.0908559004234262,1,2,0
23.6042442148223,10.673181351269958,6.708003406378912,5.828345652682438,0.26683267104641417,0,0,1
29.929450265832777,9.861544016016227,6.113932901874131,8.695722877810866,1.3832868039466364,3,1,0
26.07052710394346,8.775701763710634,7.114023627539583,8.897288694773112,1.5900230738569407,3,0,0
24.60054898401483,9.790976742713974,6.7233734290209854,7.156693728246525,0.326708899486313,0,2,1
26.427959821468445,9.1494795457907,4.143506366509053,8.023530644185344,0.20862617470376432,2,2,0
25.775343900618342,9.419476550195277,7.303734096583909,7.175286778933923,0.2910309655747183,1,2,1
25.558060800933553,10.588578404420609,7.330936255900113,5.663274561124069,1.7542551237970034,2,1,0
27.22833340008685,11.669904504351406,4.855070843732127,6.588176631036343,1.0563785235127123,3,0,0
27.51501542009461,10.39467152982298,6.056906753171403,7.131927966771957,0.9345219920150052,1,0,1
24.938997704778945,8.804116937964816,7.024993489216604,6.545452281256556,0.21342363820470855,4,0,0
24.84836351871064,10.44460266822014,5.686029270630957,6.781346722564964,1.2991120135139236,3,1,0
25.44989660569671,11.196631486645652,7.609467071649018,6.908600442490886,1.7359991837901798,2,1,0
21.39615767052883,9.390217095680617,9.54580874192904,6.919121502134539,1.656371738646906,2,2,0
22.969617875602896,9.865982833327083,4.821020951047526,7.052258490497483,1.2521094179616026,2,2,0
28.73374853488905,10.014688194729198,3.928433095269338,5.939394933603399,0.15055743330334725,0,0,0
29.28993542700257,9.21510168691776,6.455727893407314,6.282983850872064,0.22479405435202593,3,1,0
25.501927920887244,10.648280433843858,7.082343757689215,5.715415734300031,0.09861797421964935,1,1,1
27.153113926111534,9.879051851392218,5.653700439232846,7.9778155496862,0.5149584329849386,2,0,1
26.622500309087073,10.419532443907027,8.179890994981552,4.894353058159675,0.2713229343207555,2,0,1
32.15776161691048,9.1125078221979,3.992091300415127,8.153590343316925,0.5200960805048678,0,2,0
28.23914982286915,9.56254169967659,7.039377934547417,8.386349397262844,0.7701161114379234,1,2,1
25.744164817038467,10.722381357827771,5.09120876886166,6.6978194130173785,1.8859655681422713,3,2,0
24.088919118799147,9.627166847908233,8.579066859310945,4.396862912172701,1.2207521195633841,4,0,0
22.787107359484857,11.726963851233405,8.988773029752178,6.63868943803271,1.6699475713659246,0,0,0
26.406927271734446,9.600363814385398,4.850015118324978,6.93581583871118,1.4207030014246644,3,2,0
24.487298509431394,10.224684725751885,5.17566429613713,5.989401780071087,0.2250062610532635,4,2,0
23.15549258080465,10.93259083187309,7.2893818304697025,6.484781606191757,1.4718408127478977,2,1,0
24.706854231514946,8.581634267066969,5.4193040253157285,8.530195198863352,0.5501977631182489,2,1,0
23.83690399277121,8.239191188019223,5.931883173101642,7.6649271623017405,1.2782156939894127,1,2,0
29.374283270145128,8.474343685429906,6.038082630813615,6.0754358856219,0.681923947285977,4,2,0
27.7632795138989,11.262584103427182,3.1204902657035154,5.402400830404568,1.9953445265293184,2,1,0
25.984054717366764,9.448141854107554,5.9792433808586445,6.672982682390229,0.5271029589935556,2,2,1
28.959888277780053,12.558199285668252,4.965408338903739,6.786543220649562,0.5582609415485393,1,1,0
26.154736615295235,9.435752401342612,5.260315766400342,7.496199187363317,1.8613445111247966,3,1,0
24.277431597343472,10.184551303197036,8.16544800520322,6.464683287432341,0.04928880927264534,2,1,0
29.046248154539313,11.542109952567875,4.115239658581116,7.511499575361862,1.3933779757463938,0,0,0
27.077820087369318,12.006092888159124,7.2198077801219664,8.93515404006023,1.4506527814717562,0,0,1
23.925507691347086,12.061503576636397,5.581555604502287,7.815501022444263,1.6727571548207987,3,2,0
25.619322643832785,11.208366230593143,5.5803597472562485,6.951911492669227,1.9488786212769507,4,1,0
24.248763493230484,11.024062525811463,7.185557844077567,6.8168495289467055,1.9512038383133048,1,0,0
23.234400538071327,10.592526949201183,6.5100769418533355,6.6433268658201285,0.1305535151329278,0,2,1
27.85235509506328,10.778361076166638,6.855919495829296,8.180640912452144,1.643678645505805,0,2,1
29.81883328094026,9.448814283671467,7.452276990799292,6.372686554048697,1.2926198673147626,3,2,0
23.202864852361717,9.181801116577693,5.503037425225016,7.045222708999982,1.2946842687461824,4,2,0
27.12593847338114,9.996625542589047,5.081644898238375,7.0511979018810855,0.2566998532293896,4,2,1
24.698714861756347,9.829815377475072,4.372274210163303,6.498215807188468,1.3003743328913067,3,1,0
25.02574923247061,9.546771950672724,4.761884205031567,5.627534452115899,1.9649651612024956,0,2,0
24.81521215152226,10.696387447456715,10.423641637963087,7.322974503617668,1.823637139078894,1,1,0
24.272018460640368,10.955305208570511,7.86701937110518,6.938996028144617,0.878261321609701,0,0,1
26.097043255889655,10.088406886291848,3.9733884506879678,7.500240469436569,0.07989594657218868,4,2,0
24.338099767177923,11.477530081055262,4.016313064884645,6.466399693560833,0.7245869800004097,0,0,0
26.540913651559677,8.858310885866494,6.722799092577738,8.220821298813048,1.6527806232011104,1,1,1
25.899523781101728,9.806340540720281,6.820897196066951,6.123226218788155,1.402998202930332,2,1,0
25.52210390626718,9.283177679397195,6.8233257529760465,8.712040284017892,0.9186873111879128,0,0,1
24.184872675916804,8.13346338292694,5.617566309669453,5.252363490171739,0.11020307031766219,3,2,0
24.846457338863335,9.9173193141573,5.811818609995649,7.434770064556891,0.8537894556466052,2,2,0
27.51078245165151,9.878252491616717,6.4918192862390365,7.475430682526623,0.938049879435767,3,0,1
27.001834375248762,11.51344974324213,6.128839509439995,6.204442932059118,1.857111065788272,3,0,0
24.044889510402896,10.630811684554777,2.671049440878697,7.424393937861012,1.282172207164319,3,0,0
26.19866461085845,8.975813175670796,5.6553005541372094,8.279518669760158,0.6233058333092978,0,2,1
27.502774246743577,11.854092566334188,4.72289034860953,4.783181160645936,1.0506365289014428,4,2,0
22.66118943775726,11.221033695525353,6.262817128362768,7.5027448074908145,0.13211061564432014,2,2,0
27.08672038475987,10.582097703468616,10.477888503905115,4.5067291796699225,1.9451364712994736,1,0,1
24.674752482108307,9.773515901150168,6.551222498211457,6.034335196476792,0.720119803861452,4,2,0
27.14119733718632,9.04056076327652,5.529705470741403,8.629166364900945,0.9557347098262716,0,1,1
24.473481686914965,9.627793223928947,7.382702252965879,6.418217966607946,0.7105679484738452,3,0,0
22.39023579867096,11.088748619704186,6.724031830813819,5.826120035591027,1.3650234602324003,1,2,0
22.744915124233675,11.88458630593461,6.630141735677762,6.802062271015318,1.324464316659186,2,0,0
26.096169893322763,11.543243528272189,6.910275889823507,9.067906338163553,1.4306446210582713,4,1,0
26.519445003442964,9.511150578213726,9.084815347244312,5.168317752793974,0.5362864592238417,4,1,1
24.191366749791182,8.880382566710988,4.303667347011126,5.948690088360656,0.631336962328132,1,0,0
27.27718491755475,10.140886246911204,6.710448115217182,8.497431683179627,0.2505024621924159,0,0,1
22.67695987546208,8.231560634437148,4.610428305027693,8.857702343537733,1.3110199436922252,2,1,0
25.867840402705365,10.323167714184782,6.833268969513372,6.896568775709716,0.0795942546713051,1,0,1
23.577967600475088,9.85239741370133,4.621970232770859,5.760947297473358,1.1953646710469181,3,1,0
24.69632778439568,9.533963498131758,5.373949779592373,9.09584350180916,1.7393917697032677,2,1,0
26.094797342632827,8.405296932733204,5.5573651286431405,8.594442391749197,1.781664296579267,4,2,0
24.279173269432096,10.513600106569717,7.463725079017063,7.678946987762233,0.8980755207399234,1,0,1
25.23088891154035,9.467299160338088,7.37768166591362,6.18759765106258,0.9186073764261475,4,0,1
28.01258561842888,8.830083164289713,4.131423935330423,6.950970659161963,0.15393836601603472,4,2,0
24.846216260953703,7.127737786718351,6.082401166499773,6.839639918955169,1.3415300508860715,4,1,0
27.671384224130282,9.972485094949363,4.935630217876241,7.330851304615578,1.642518840745691,0,0,0
23.740586290684764,11.772251596669744,4.112242633986998,8.451001438131335,0.4893101092094261,4,2,0
27.059608355830566,11.66125921454787,5.674474424363444,7.879417041137403,0.8426017632667293,3,2,1
28.8831372413158,9.542903743413728,5.537275817316271,5.922623923015242,1.6776786735305407,3,0,0
21.05671099974542,9.397787939638219,9.640074729518282,8.376496450019538,1.754240935324576,2,2,0
24.406209489059048,10.468774256075024,6.649439738041044,7.313132140013155,0.4863599605284519,4,1,0
27.15414425436108,9.001614560811708,3.933573748868644,7.687065795858916,1.1011412690827285,4,2,0
25.593909227914015,10.301791899819467,5.152838993743586,8.466540859278602,0.3849863012716541,1,1,1
26.742291746742616,10.76608027838469,7.532074943144098,5.888419750486449,0.2037575282791131,0,1,1
24.792029626568358,11.226933223884307,9.132664159304888,6.964174421293537,1.822241002783915,2,0,0
26.1731795749458,9.899845923520047,3.6210250316430628,6.468545448640785,1.6410150084642183,4,2,0
25.68864552921584,9.796326249823034,3.1801134222914325,5.432140574634544,1.5200698036063478,1,1,0
28.335564123319614,9.122017413243439,8.806447763057673,7.34670997760492,0.09753263762628084,0,1,1
26.508841686602427,9.17311964596014,6.5844212660563555,9.511556551584423,1.687457585420515,2,2,0
26.675205324150404,9.773521108098473,4.69756090218545,5.159922255494247,0.8760881518107675,2,1,0
25.176246067755066,10.367365506816178,6.801943629183653,6.967719388950529,0.6847902465917193,4,2,1
25.024787551855013,10.913584626233249,2.0463783914746836,7.640542935074773,1.092952722050753,2,0,0
25.134883624360757,9.196821049319656,6.005063259895741,7.123078201656181,0.18270648544711166,1,1,1
26.788904284756594,11.492688568959522,6.491731759264628,6.886871947484259,1.5132930987047977,2,1,0
25.158031038359475,9.728876398957432,7.386405209306744,5.700783636554176,1.1648701537765918,3,2,0
26.579549713792826,9.978632705651563,4.479156071561194,7.2327867429401635,0.37318019374633504,1,2,1
30.15080159729088,9.252788320852176,6.128530742105038,6.243236022984074,0.3764643995380912,0,2,1
27.742249406863383,7.575759739727058,4.611863060910619,4.810078295021446,0.36849730314534845,0,2,1
25.347952935664317,10.88404539636105,6.383075633511476,8.19459222051373,0.11400477510386797,4,1,1
28.40242784432789,10.736843897092433,4.656980516455464,7.958385819842042,1.1755968987433696,4,0,0
25.183849253956897,9.718672442881786,5.387848741259669,7.05166097685108,1.6806963551770162,3,0,0
21.923750929644292,10.066990717224872,4.506276907814657,7.229074688205703,0.0349964279747772,0,0,0
23.98382737816519,10.5159392177041,6.976704362735486,8.074318012715562,0.0980092899425471,0,0,1
22.25841615794829,8.437454143113458,7.287676674984998,7.224339656778082,1.1455405533738916,0,2,0
25.296973031917382,9.470947322653705,5.64806914506388,7.904017554761315,1.6389913707721047,0,1,1
26.036836758379103,10.794264679621827,6.0573569924400426,6.7025177991261495,0.6534777811372672,2,1,1
29.352874624550566,8.745710576830751,3.8271128780496837,8.311983738573947,0.6992287976154443,1,1,0
26.653854747528325,10.29355793216663,5.5504850279898195,7.320785725932684,1.1926929949935519,1,2,1
25.56179894238227,8.643418195376595,5.924693074437383,7.194051943605874,0.548425778248294,3,1,1
27.658811162366977,10.466429982433526,9.931189636544962,5.729938911287968,0.05321673215536826,2,2,1
21.57772938198423,9.964358517702516,4.332049461338754,7.286955854301708,1.4704570362031921,0,1,0
26.47122911621713,8.38486818409449,8.196265858128656,6.168045082505548,1.2512998258829062,0,0,1
27.541730387773935,11.164739354457172,7.495288160198712,6.3617172734715055,1.1615119981113182,4,2,0
23.04282750844032,9.26540842320195,6.420954606735204,6.184624371683879,1.4833682579836462,4,1,0
28.287508086413858,9.18974756298562,8.6379307262927,5.933765068100775,1.350461675124075,3,0,0
26.67699281498883,10.200569197230942,6.558158208910294,9.124771403016961,0.4117639763566423,0,0,1
25.169424172198397,11.148637349428714,6.583738793501893,8.331339061988404,0.7049620938867023,3,0,1
27.26556373221257,8.984178181021603,5.920319020473682,8.920367502144261,0.25222028335725,2,2,1
30.54138571560879,10.061679849847971,7.835353323627942,5.777104980444436,0.25971402683576206,1,2,1
26.36373251011699,10.428816500330573,7.644703850716326,7.071253749910892,1.3523914927130785,0,1,1
26.496441172600672,10.693105607263144,5.061484068755681,5.706492374795904,1.7172002139649964,2,0,0
25.081278200919513,10.176441555277226,4.021129208101849,6.304305122802936,1.925465167722278,0,1,0
24.300311261070416,9.632972160916678,5.6955290439065145,6.081873016583425,1.2566942350988888,4,1,0
27.66067163308849,9.17240977935128,4.7999421534035305,8.23958400644156,0.36820264672191394,3,0,0
24.287832348182267,10.086143883046375,5.904713138076968,6.60377032189824,0.2113006908978614,4,1,0
26.143132474438787,8.927860988014393,7.856157202026209,8.068379333694017,1.6257019430735156,1,2,1
25.044685106469768,7.078649516505393,5.314047517369815,7.604120889588518,1.1575129527199985,4,1,0
26.957959651492782,10.436559804157667,5.935764928032638,9.303638752104789,1.2365700420274397,0,0,1
26.667324210573895,10.903934841086196,6.087034102212593,5.5205557768602755,1.5629241775094185,4,2,0
28.0750798885158,7.637067564458162,7.272646323307927,8.259233239786798,1.4065544554649032,0,2,0
24.979967202290506,8.990269295290062,2.629665999023092,8.146440870400728,1.6689165057121933,1,1,0
25.460250129413257,10.619154261005198,5.089949557852055,6.026621161972965,0.11242781091975695,4,1,1
24.042472568435386,12.057495469711698,6.316925538419209,8.00713333647316,1.4950412734930096,3,2,0
25.111413479847776,10.020793707675407,7.800118434640292,7.3361449630262285,1.7017055146441908,3,1,0
26.754600986089706,9.271997058770866,5.262146328740692,6.7725237400465925,0.5722700849166287,3,0,1
27.513977233290703,9.817103558895159,3.185170940937189,6.176064513028001,1.2808945479865057,4,1,0
24.15566935164475,11.374876419148185,6.929567168949204,6.280890548550814,0.6283241276739442,4,1,0
27.739211840211322,9.354035820875465,5.046956416761556,9.049812095785926,1.915942132964908,4,2,0
28.7112757176099,9.200807993349747,4.215500011364458,7.000682818957483,0.06684714487100751,0,1,0
26.8268698064474,9.517256477817968,5.063481915430164,7.782130001531459,1.15958568766591,1,1,1
29.753591625116133,9.046671391741288,5.723211963516226,6.209100618332447,0.3330070940990302,3,1,0
24.452421601792853,10.122670315994796,5.09288300319268,6.220147053778361,1.4244404103543173,0,0,0
23.510690593377166,11.62467845846956,2.6916509143513965,8.081984809249942,0.35178056683732417,3,1,0
22.442559502191443,10.32307927311603,7.3455992953306986,5.650423788448467,0.47076652379671513,0,0,1
28.992088622978365,9.747646497873712,7.912312561918084,6.584786232094729,0.9887416220915162,4,0,0
27.308731312708115,9.708188731084455,6.977282987009259,7.034027411072232,1.8296698999937562,3,0,0
25.88883065817909,8.436809191303343,4.293471494362775,7.111372601840053,0.4234287442959417,4,0,0
26.559937252639642,10.883109777147158,5.697762699078723,6.820906714983844,0.28848004223620705,3,2,1
23.749021905403247,9.922162802987199,5.990218027155813,7.395819781095923,1.5179536637080613,2,0,0
30.891503959233653,9.819520086409375,6.898191584342865,7.692855755817812,1.001239064667862,0,1,0
26.258442363950454,13.19310756784486,7.002510733077122,7.73463754545933,1.8235702247635428,2,0,0
26.218789589209784,10.298752908365687,4.898739301832256,6.014196191332173,0.29322911431968457,0,1,1
27.451533247797386,9.248208949904816,6.1229933346203405,6.715844902071203,1.2918557860460786,1,0,1
26.962018463473427,9.573642403794457,6.685920606922862,8.194762861876939,0.4657582923036301,3,2,1
26.447768048558263,11.148445709196755,8.18373348322015,7.894647187573872,0.3135208573032786,1,0,1
24.419051089109377,10.113270410537764,7.056759809737085,5.627140548518936,1.366858830314541,1,0,0
26.94293671427199,8.561722021682634,7.183585031063279,7.351479900352202,1.1873692398174664,0,2,1
29.764048992950066,10.919228934575203,6.125739941894041,5.021774750625189,1.5096549167246625,2,0,0
28.690840092309955,9.331855914461006,8.115688717805256,7.04693490206037,0.6189251528923647,4,1,0
29.186373253278795,11.873297776217546,6.614644193939246,8.897767016745977,0.8959433127643799,0,0,1
24.97756864713763,11.08004806571465,4.708368134739644,6.052107282731014,0.810943352660837,4,0,0
24.020790359482838,9.552678104341249,8.105054955187786,6.165676954508418,1.9681789279330284,1,0,0
25.748426159800704,11.281016361735112,7.046854908808541,7.76402978157286,0.5844979134787758,4,2,1
26.111449824577388,10.067855510527403,5.335433968307276,5.457198484790354,0.5896344766935337,2,0,1
28.188383036941897,10.852773675122219,5.280760548901135,6.367244970114961,0.7090964176572148,0,0,1
22.61507074057036,10.484732817294475,6.4448633177111425,7.596441137581753,1.129188162580643,2,1,0
29.059100638921226,9.153643345009126,6.694777192901377,6.365714152310597,0.5046454885274905,2,0,0
25.683984202842023,9.356450167682539,6.295938398446809,6.7640300127890285,1.8305798807585478,0,0,1
25.14623786010516,11.029960817581161,6.466963010164327,7.744185710315034,0.531371129732527,2,0,1
23.975791249479666,9.66522466789346,8.549936061864571,7.421546083536561,1.7916314631203893,3,0,0
22.690286656268462,9.596351536758004,7.607314728352328,7.266818396295402,0.2069501272931693,3,1,0
27.64634116792383,9.044877420650646,6.285953386897536,6.660877720729961,1.3131254047993046,3,1,0
26.146635934376807,10.42359906559346,7.411965871151224,7.370061115268955,1.8139710368764874,4,2,0
23.420078200517892,12.062524919243145,4.451214144708691,6.8762673199002435,0.33749887679645907,2,0,0
23.409842455872766,8.932467085745728,6.596890574920213,7.457805609925785,1.93665392019851,0,2,0
25.328430601419743,10.024219456672759,8.713959524599666,6.503067974882022,0.9057667208310234,0,2,1
29.338043050578786,11.412220555415429,5.67293115691144,6.817431025620459,1.891430216882049,4,0,0
25.48081729727279,9.920358608754285,4.728549107071373,6.010042207447986,1.353640087260094,0,1,0
22.99371409376379,10.452371796249734,5.021866667110409,6.964992389993764,0.6031737397471031,3,1,0
25.50851387182811,8.93760647185312,4.365550443986417,6.188999136371155,0.37660504983421283,2,0,0
25.45455286050466,10.428307097207648,4.822857137808445,5.885953549838007,0.6074700924501988,0,0,1
20.606226714116858,9.812855734995452,5.444237852114957,7.258661147855388,0.18603481852534998,0,1,1
25.891410266964375,10.985729995679863,3.891649471232037,7.21273977585766,0.28773593268665953,1,0,1
25.538130939582643,11.18738605156475,6.023427500924405,7.782873734948573,0.20932088069296229,1,0,1
27.392412729626837,12.589563642018614,7.353415760679971,6.568874430424901,0.8458870874831155,1,0,1
29.69791218989069,10.579633173213576,4.638365729779619,7.408052846836756,1.5911567525151729,2,1,0
28.253130059095515,10.325796316582167,8.278925885462654,7.550797572273663,0.2827671084326804,3,2,0
25.46222261889034,10.194384301577337,6.766188132791392,7.444773807831595,0.26064086634467176,3,2,1
23.78694818251666,9.646833707189312,7.5458708784360855,6.174346317197858,1.2868578990346615,3,0,0
31.146719606499722,10.338483843461692,5.013248169221795,7.149363482271189,0.39436596393613255,2,1,0
26.118436868028976,9.704598589860971,7.2817878405999235,7.364140296054662,0.1952200762179832,2,0,1
26.027858583825893,10.168460976269614,4.3620991494070305,7.007178466907942,0.33369715641115527,1,1,1
25.951749825779995,11.317597535607959,7.335371251254763,4.913522341628916,1.8474627917535522,0,0,1
26.39616952153571,8.993457434720359,6.257759009690297,7.16048962397348,1.6429425055523816,4,1,0
25.711279176152114,11.139878561129045,6.8298768299771755,9.212531039397241,0.7081291247101882,4,1,1
24.85267598623953,11.317115067339865,4.236608091562722,6.6399607312430176,1.3116415346547856,0,2,0
24.906282117519215,9.88193147300892,4.657395236585093,6.271922902144679,1.0745513473360762,1,0,0
25.934493459568003,7.878145100991405,6.895842327380077,7.373348559711398,1.3542485269651279,0,2,1
24.91315045773247,9.392178012905568,4.577477993663699,7.312378210466572,1.3653423049255187,0,2,0
24.574308434645673,11.296994546561109,6.694809438148685,8.192735165416414,1.2574680301199859,4,1,0
26.212860455383794,9.977131937701119,3.9492932903096314,5.742131844091112,0.5322027370746172,1,0,1
25.49004556515829,9.00069776770509,7.272261319000002,7.731380252574993,0.07801284152563626,2,1,1
29.007985977165376,9.495225078771783,4.151215027847236,7.590422061251464,0.9111335639802176,4,1,0
20.698060383213978,10.840620026504553,6.8284499065192845,6.857853463059454,1.7819477693814076,2,1,0
28.183013703844924,10.546733568201379,6.938446400469001,7.33868731792169,1.1389945170371518,1,0,0
28.49217038499526,9.761067900830305,4.954842272355638,8.029457481598357,1.6647820834038158,0,0,0
21.8532195351837,9.633175588185312,6.87303985062709,7.87231538002845,1.9832486859224563,3,1,0
25.314624811839302,9.608241850956178,6.390663395000334,5.856980687926272,0.32723240827655253,3,0,1
25.257118268008416,9.077589815501497,5.1917372157108925,7.820158186755484,1.3835552782839646,1,1,1
23.18497661056436,11.615375689469442,4.487167973885688,6.935311394967481,1.3485871474000493,3,0,0
24.44436662481825,9.67767953078866,3.0560614624911313,7.072874098015515,1.9599108947165569,2,0,0
23.778848309068344,11.217158520825496,6.52447507094954,7.073196991001694,1.9712014679056007,3,2,0
29.504540886847245,11.521316051922451,3.6527958429569174,6.84975701120174,1.373357223448259,1,1,0
27.87135678629492,10.99831089814796,6.143016299161962,8.191707497107064,0.48722958396438854,1,2,1
28.54311018998832,9.568379687281952,5.604827675876626,6.916282040150788,1.597111676261198,2,2,0
27.44334412808647,10.403730090336609,7.018714163157293,5.880453871616831,0.2140582684220762,3,1,1
23.74189645756554,9.975804393609083,5.546931750765204,6.606470144030271,1.5613986083432574,3,1,0
24.950959467440452,9.096298139269871,5.505828320479363,7.178694716810476,1.8203922482893928,0,0,0
26.978749122455834,10.324359281721604,7.097806056432443,8.229214784297051,0.7656667895368705,4,1,1
23.55574438221611,8.820960208840198,6.502587043626177,7.603094684948833,1.261270589966161,1,2,0
27.425996860344775,11.187679388461564,6.474233935774167,6.149464721252956,0.8602854641936526,0,2,1
25.51934920368373,9.535382702701607,6.70390138471279,9.485189916678891,0.8755301099762569,1,1,1
25.250358384900807,10.20115965587284,3.6966418151893414,7.26477531097798,0.6207417782162401,0,2,1
27.421919936406983,10.283287871546142,7.135183019980473,8.275390737999015,1.5242592409006492,4,0,0
26.88852662297208,9.741095026295923,6.918703191020404,6.848285566422771,1.8723531283330104,0,2,1
25.27806766836184,10.586693801475274,4.474975307135255,7.53335924470545,1.8815017184689222,1,0,0
28.318659606728495,9.525096343377475,5.633879289488698,7.839468504518405,0.34956256974986766,3,2,0
23.837873344800204,10.871297297457245,5.9410390685585535,8.218194711754256,1.749487299313132,1,0,0
27.231871213888528,8.65402031975325,5.798254823397401,8.057368305378224,1.4748628828542443,2,0,0
27.186202515936767,10.126379579546413,6.500789949852802,7.872197000072978,0.5056748013805785,2,1,1
25.38090712137202,11.938928999058284,8.147050172746775,6.684913268805891,0.1345692258430291,2,0,1
26.652266044484236,8.999668675394425,7.622650091509243,6.428253958043939,0.5359945337687559,2,1,1
23.497772847229395,9.322255029475148,4.031671209852891,7.332607510324197,1.8244164735630513,4,2,0
27.848054038413803,10.513907849658915,6.933104985459073,7.933128072341069,1.2663573497915446,3,2,0
25.63019572711402,10.179581781939598,7.993399979303114,6.777279299223393,1.4421093217957437,3,2,0
24.95455395896192,10.350630099273559,6.580212781033804,8.065171965714386,0.5143047022181917,1,0,1
28.098018451673777,10.489187130147663,7.636470637778951,8.452616745486178,1.4387763111496406,0,2,0
24.591312618914483,10.63472146856177,9.018405668551148,6.08367908092658,0.056243012555847516,1,2,1
23.18307740727288,11.109699841956223,7.535564319160472,6.16307929620372,0.7506426915460276,1,1,1
22.886741652952193,10.409818656928513,6.373962893462593,6.859624941094664,1.2535066970846624,1,1,0
27.212019902691278,9.758742345381458,7.56763271112713,7.307612668189196,0.29219313108264044,1,2,1
23.439141295007435,10.672573701202731,6.217331749645337,6.475432986232949,1.6460071488938695,3,2,0
29.509588363968728,11.899881934895216,6.035854564927433,8.352202678867144,0.4700625976238373,0,0,1
21.836141184232556,9.867366253617426,5.472878646429401,7.424066861518451,1.3045622256368925,1,0,0
29.392912736580076,9.025470695329359,8.345120038248162,7.039447048240739,0.8103942851506594,3,2,0
26.422034934405236,11.107080669286972,4.7723570010869985,5.564090476131472,1.1920871909552944,1,1,0
25.806573776259214,9.879618836046403,8.298551587017174,5.684184183572492,0.21490110525781625,2,2,1
24.9101618263821,7.827330453985963,6.749796185610557,7.281009250281806,0.03382559984321465,1,0,1
26.798272228704143,10.847421677150422,3.9010407377970875,4.867404373845163,1.8191288547606024,1,1,0
25.924730595150304,9.464671814046078,6.551473939487132,8.012637409644071,0.5392600175343656,4,1,1
28.206603764033044,9.909466717695839,2.8499602385225637,6.84184615562768,1.6393540055609181,2,0,0
26.22845529732408,10.331980330569014,6.938262025246553,10.243092969594734,1.9987006009444004,0,2,1
26.300603522923755,10.190499679779066,7.327847224483486,9.30791625061611,0.4228625159978223,1,2,1
25.27277557557229,10.709451817139039,5.11146606652192,6.818550930752483,0.5303414823667112,0,2,1
25.886108752557867,9.564513629430156,6.185321543933373,6.893662997468685,1.3257195752693314,2,0,0
26.615603537784118,10.513105798176083,8.93123615062543,7.99558151400203,1.9308972692012425,1,1,1
22.57966321468675,9.740453322416084,5.241379943607095,8.703172609918038,1.8316286963814878,4,0,0
23.303629155788574,10.738810480887503,4.411638619415099,5.361970942563984,1.0057510401311698,3,2,0
27.48652818804543,10.615367484013053,8.222495103693898,5.213624534645313,1.5902205650534493,4,0,0
26.341730876255884,9.064561297955404,8.943880785796193,6.377965194445618,0.2714917061998021,4,1,1
25.632033327294643,11.085982116175032,6.005543507771771,7.582737583173865,1.9548763684080246,3,0,0
26.036867866130788,9.464036554885952,7.517194553112534,7.496873590507597,1.928706468071973,3,2,0
26.695163410723342,10.808057798281146,8.012213873296322,8.06977145498385,0.32745791575834193,3,1,1
24.920480639381278,10.367287313401341,4.886273651192424,5.800302471634692,0.5988462496062132,1,0,0
24.443390549195374,11.838183676795122,5.272041246948198,4.683856137031123,0.20030999501353386,0,0,1
26.391690510195364,9.776534017628148,7.846311769732102,7.858014195302145,0.5434351977963594,0,1,1
24.043254444769936,9.650683203881803,8.527521418062765,6.171803727034765,1.6319115788304133,3,1,0
26.816505511428943,9.980580394112268,6.844321290261532,4.9815121356113625,0.7566312143305189,4,2,1
22.59483279152432,9.696820217165724,4.680278469746918,7.145063745959382,0.17679393429351675,2,1,0
28.058311274651288,10.79994190194205,8.980591667549161,7.793175688218677,0.6844510495578091,3,2,0
26.945194964826086,8.383689391563411,5.203543653282053,6.877942867878723,1.9627666684825602,4,0,0
26.51205946862775,8.946317580853647,5.497293328242822,6.542151613817511,1.2593671905184058,4,2,0
27.965381967891027,8.932197078420806,6.5135067517344325,6.840637767854093,0.8323218928123155,1,0,1
29.330948888925153,10.950307591973576,8.331240631072161,6.629417237599217,0.33307702699454,1,1,1
28.02874013003626,11.710613372581925,7.280963964828335,5.651952888059833,1.9723535945673896,0,0,0
22.31825153733671,9.895550781462529,6.622298250542865,6.285319323009568,1.6416980185262575,0,1,0
23.440846066528596,9.83117827680999,6.694932795177159,7.521279905013815,0.5629546049018388,2,0,0
24.75036284460864,10.070052163113182,6.065272002965199,7.3216785413765,0.1401373914423789,2,0,0
26.052182100421668,11.16187830260819,6.837209271777759,7.16805980596682,0.11325111475511607,2,0,1
27.035318040938247,9.072646865809427,2.2056598834585452,6.00485151814662,0.24075629901106765,2,0,0
24.548512373693068,10.238368982734785,5.5550888113953025,6.818496837864333,1.1615371672288433,4,2,0
26.373533528954155,10.97519762978243,6.361982902375171,4.822934953557145,1.8575268424109848,4,0,0
24.489234135293355,10.501094169939845,4.273478874570739,7.17847666388539,0.993486856011969,0,2,0
24.776964394016105,10.189581616598744,6.57948497671734,8.428857707813567,1.6858909649123943,1,1,0
23.186677806303557,11.00104609256714,5.6932931685208175,5.525867867957894,0.8917732397196156,1,1,1
24.153533507778192,7.296767707000763,8.633213547473236,6.414072326682245,1.4171670915356505,3,2,0
23.29663078876733,10.677875319530907,8.359529587822284,7.32910677871013,1.4637454745730016,4,1,0
24.048253494045333,9.345924316872576,5.301291646322756,8.252842634427484,0.3479274118066773,2,1,0
28.10728359321568,8.169367103143543,5.773743432649957,6.551775383699851,0.7224321179516235,2,0,0
24.101202222336113,10.511202599524982,5.889078651587411,6.307749670734104,1.2746043130760478,3,0,0
31.26476412967478,11.373658545162957,5.322510785760566,5.031076857583917,0.14139321636873237,1,0,1
26.98663580176178,9.862551485372308,6.29253747604219,7.103438129308106,0.7230803755259132,2,2,1
26.369672247389747,10.952874547202939,4.862576896668615,9.042076040143744,1.069598932562385,1,2,0
24.283284439637573,11.612278257988645,4.304076997593711,7.277358461964676,1.9924489860892773,3,1,0
27.40061975881798,11.314914453584047,6.934066835850403,6.977721020816286,0.9490671252448815,1,0,1
24.848724347524453,11.639964529371394,6.944294376332716,7.3220823107669855,1.6321135142286471,1,2,0
26.244019629290722,10.742127491071892,4.793526360510011,6.988907996051398,0.8641345701332355,1,2,1
31.12016907653759,10.075433638901593,7.343033146143899,6.18698562773987,1.5927814452394178,2,0,0
25.8078802005507,8.398034188102832,5.052633406252003,7.8232799156777055,1.1908296032402168,0,2,1
28.298546652571353,9.75393751187005,6.379747857056972,7.225761523111754,1.7731908830047967,4,0,0
24.593647149748225,9.156753404683808,7.230516018918684,7.017613251933657,0.8218851047002198,1,1,1
25.930023019006075,12.170942717497814,5.949581152944431,6.02463397272175,1.2086088396429577,1,1,1
29.54160127127102,9.824114187567663,6.682111368211702,8.303507931934758,1.2600373612376548,1,1,0
24.746065884424464,10.123204806784486,5.225355534168642,7.66470274533311,0.8347658836009466,0,0,1
29.624897115993857,10.551485376040468,5.705300124857854,6.447079162632698,0.28862408737496303,3,2,0
27.41550387091095,10.043602446372454,5.69121085367949,8.001824853681937,0.1871188138246711,2,1,1
24.875066448211463,11.695051040430753,4.8801324801896415,6.502429161614793,0.0333431011992662,0,1,0
27.264815478111043,9.377350638265549,5.734838755326327,6.217996507488963,1.7470685284904293,1,1,1
27.94510889925346,10.194607455237243,3.67707255170438,6.240296882519713,0.4729498244773891,0,2,1
27.24361992443439,9.257529414301953,5.263269379286843,5.228931446911909,0.4230134985635361,0,2,1
22.859550560219088,8.679977488779294,5.572686759945494,7.471542380418206,1.472070800852131,0,0,0
24.545725648350263,9.388230909094714,5.61573037125693,5.16885512166165,0.6400322261747835,3,1,0
25.50496272889699,9.962963202951588,5.637753831193832,5.771556168734238,1.0120893848236732,4,2,0
25.851133141799906,9.57069777548274,5.907353700209806,4.924411990921467,0.3250221305949126,2,0,1
27.241344195101355,9.307579020126145,6.7191622771290955,6.913930307209107,1.9194914429239385,3,1,0
26.35540200186651,8.593682536328167,7.311775611198784,6.849679539728128,1.7031628000344747,3,2,0
23.3293112825798,9.916894427371306,5.0253521597276,6.673303786813636,1.7275792459300066,4,2,0
26.760395702011927,8.495279625968998,4.195198716916283,5.957422305329423,0.8135474971440104,3,0,0
27.221171490567645,10.760055963689602,4.436933381635345,5.82776624656336,1.5247224274143456,0,1,0
27.11958089586208,10.082439752934503,5.269195618207609,7.464369863546574,0.2877523107795603,0,1,1
28.161561451109243,8.54244850053507,5.472118023275236,6.449448068291512,0.017238005183560556,1,2,1
27.66784430909781,9.690790922950136,4.845005900703814,7.3163583215361445,0.03994586515605625,3,1,0
26.918360158456874,9.247843594409417,4.055825003625158,6.114751313875778,1.173203474809121,1,0,0
25.859668577082704,10.319174510419181,5.315818758788717,7.181062742771083,0.9107898104958816,2,2,1
22.678078132968018,11.340450446023144,6.272139930170957,8.303278037316064,1.0360306978170395,0,2,0
26.85923643826517,8.124827530354256,6.892544198753347,7.586165800392783,0.01492628083443881,2,0,1
26.41537537432622,10.115026079147418,5.163865420337518,6.58758618178352,0.8453732393148514,4,2,1
26.54315767439075,9.839867204433359,5.380503266784849,7.257198970355927,1.4361363224017216,0,1,1
23.44650284835938,10.671340076450466,4.609952536729034,6.759334825469787,0.8853874039348717,2,1,0
23.837886919183475,10.21319662823769,5.952841244437836,7.007880184694728,1.4644384126244445,4,2,0
28.106305706665808,9.248030668261181,4.727357048713778,6.674388947851496,0.46603792879366956,2,0,0
25.92088969228669,9.680946064333382,6.8596917198618,6.835664794114609,1.626284008963451,4,0,0
27.36300139474525,9.203974143196511,3.3212002620988335,7.2120933530741755,1.1768624809069046,4,1,0
26.05663675226092,11.076007138598598,5.460555491321307,6.00664130041805,0.42152619885981246,0,0,1
26.05951227899149,10.021311648671942,6.451661008787613,5.984121173010021,0.47344095170766587,1,2,1
27.876567611951995,11.901190685753008,6.275751774483757,5.611457446168789,1.256060929139074,4,2,0
24.967910543565253,9.939339186185379,10.039550495970744,5.39972889549629,1.6598791864248867,4,1,0
26.192241553881967,9.291593233089538,6.524700036851861,5.782717307779521,0.8312555640583104,0,1,1
25.075449422589916,8.486285607387172,4.493918104736984,7.159462506804129,0.5166008582551844,1,1,1
25.13100754513537,8.196860323744055,5.85680362936639,6.107212484508116,1.7340232138212008,3,0,0
25.38165575306272,8.41586405699451,3.335630499800322,7.513614464231097,1.3385365835016698,3,2,0
26.444267543267426,10.267126651011484,5.879100376054859,7.034713748752562,0.896170974566153,1,2,1
25.042502756673045,10.508725023229934,4.750415914498862,5.031495786561946,0.9758003905586037,2,2,0
28.511512251147042,8.418809297967867,7.373085413340243,7.65497558422169,0.4085129358727928,0,1,1
24.210785395560993,10.895038314076116,5.175689588106698,7.81079864559171,1.2536052601296879,1,2,0
25.626256711677282,9.516938948316561,5.82485112630713,6.006137325165147,0.7174850210857773,3,0,1
25.12053788345165,10.14679301198555,5.046663237893394,7.420191542894992,1.9912903533486985,4,0,0
28.893955768707464,11.612220628255425,8.608277027779998,6.143501762590801,0.9603670305237757,3,2,0
26.393109553023148,10.896839315865531,5.518135850823133,7.097670376748336,0.9717712123792264,4,1,1
28.06368907893727,9.731469352094168,8.748835565218803,5.735501593045035,1.1317035748213438,0,2,0
23.028879253926057,9.108807774584713,7.2212276431774,5.206893547465423,1.8335120062374934,4,0,0
26.534100531738517,7.848184598670695,6.723100091003079,6.617182810387031,1.6016361997195006,1,0,1
27.779261591246875,9.28084668075758,6.553099720976279,6.876271053725164,0.9022601395956829,4,0,1
26.16456797855085,9.788869761172306,6.590695947324377,6.602320306385396,1.437398531945592,2,2,0
28.130960750130704,9.012820472848816,3.108491130981585,5.81596944177744,1.1724709975615233,1,0,0
24.965423099799256,9.868743032907695,5.5816749087738655,6.600100937868863,0.9847340974024978,0,1,1
28.81869488037116,10.076851882958769,7.267736956776482,7.269294752580734,0.38463154556870105,1,2,1
30.5977962472385,9.775144018191922,5.926654224788842,6.955106969877463,0.9278725269097818,2,2,0
25.27432287912068,9.34999741917654,3.8922152297946373,7.182501030599213,0.4916371740451493,0,0,1
25.108994957198455,10.168654671966728,5.9213933241337955,6.329884799545767,1.8296842997033094,3,0,0
28.906768954235403,10.441940649569409,8.556158274383236,8.17171791471616,0.6708136269926939,2,1,0
29.159144291461423,8.909600922557154,7.870337573302079,5.823826663445219,1.9045280290667446,0,2,0
24.954279945693465,11.41093237974627,5.906993985950953,7.487560297086719,1.0661105801894224,4,0,0
25.159626365808286,9.901411867715739,7.4271739155871295,8.181891092959962,1.2630887573523206,1,1,1
25.436430782278986,10.018849622944847,5.450239469447922,7.480908092748895,1.0858808889786555,0,0,1
23.311098977931447,10.708214423256557,3.4441926197599217,6.79747577293517,0.2587612339334018,1,2,0
24.162696107031604,10.233216131263502,4.613301017805668,6.4717029533370205,0.7516424380158819,4,0,0
23.991718466495865,10.953136633913244,8.344333152762296,8.036087651046255,0.19829222455524786,0,2,1
24.464404869791743,10.287124165201824,5.589010377256043,5.5770250747383265,1.2459080883667635,3,0,0
25.930630225226437,9.387562625359562,5.634924030937473,6.029875739620357,0.8937483904008778,2,2,1
26.46842946507304,10.361503525206102,5.550242705587679,6.6024422345082785,1.5559699431418736,0,1,1
29.101000985628154,8.856273792679339,8.85620488435951,8.237653757511998,0.44094096199873967,4,2,0
24.003291918522418,10.108559705776523,8.438938373043095,7.379767636040896,0.32913211685866983,0,1,1
27.968644796953168,9.966770009355539,9.3281703501722,6.031954241489755,0.8126644619275356,1,2,1
25.57202231154898,9.79188314272746,5.761432184399923,6.689692294615097,1.8531707664367623,0,1,1
25.901072580695136,9.87146248856107,6.443436733120643,6.385676855903705,1.4208436300248235,3,0,0
27.349638984333208,8.118150954502362,3.725036175868813,6.290211007766465,0.8378472495858373,0,2,1
23.754555956875404,9.451275092259039,8.215401639177411,7.978889558556779,1.0345443395086211,2,0,0
26.7648194923681,10.092844901141115,4.248330673098097,5.628256870736495,0.16842602235419668,0,1,1
26.33290441642611,10.159856391997401,6.325163345643944,8.608780855734373,1.9691517927522262,1,2,1
26.9849025280163,8.972324859074043,4.354046208550734,7.828229690184623,1.3328146093898379,0,2,0
26.578337287815636,11.265707840864701,5.116699759891956,8.090861670603697,0.570808136926845,3,0,1
30.91060027982179,9.1338251517855,4.744106353425449,6.537060487974742,1.1716167884304887,4,2,0
24.724520031497367,10.969457200526737,5.088187108986273,6.850059280920891,0.21896473213798795,0,2,1
24.938006089996364,10.427194361871685,5.191315945276532,5.566848185475288,1.9316733376151671,0,0,0
24.75371894715047,9.353772690156196,5.177596807612384,6.475337592933197,0.3495699757667319,2,2,0
24.88904576167949,11.775310892609513,7.250000867670461,7.493654847643151,1.2960606361104283,3,0,0
24.725225745386965,8.80636316824352,4.34270581040622,8.296063061781396,0.4909089250778609,4,0,0
28.378033062215103,10.919154173610002,6.3308121405208,5.892843183197549,1.4351227652970715,1,0,0
28.84100849597971,11.000582318042978,7.826938728458337,6.634494063014734,1.5536427344805621,0,0,0
24.858507412501048,9.329379790923355,5.230205453229906,6.848700779767477,1.3468394578228653,4,0,0
24.335288853791543,11.392465300064329,4.9231216638785975,5.604210797807514,1.228998920510385,1,1,0
26.942831112772808,9.749953485401047,5.654213062229624,7.5913492417584,1.7849381879040234,3,1,0
24.895553911438057,10.288693629279857,7.769587812541065,6.276009668257391,0.15725342197951608,3,0,0
27.26586363551102,10.26032183877122,6.291161446430037,6.804609648822976,0.6618295315603904,4,1,1
26.4058460417026,9.865691258529452,5.203178558088602,6.548050628088122,0.49657495926169193,1,1,1
22.968511770005534,10.810808273159783,6.725814976782059,6.210661494280326,1.9760279241308432,3,2,0
29.095010402660122,10.793488720552213,4.346561775245365,6.9929550145194455,0.778779559333747,4,0,0
29.591755346191043,8.251468026761819,7.0220392656644215,6.7843904214319775,1.4652253984807975,3,1,0
24.774422619031228,11.304340242878153,6.612910961552651,6.628142117721334,1.3694503277620091,3,2,0
25.224596880128033,8.337508011964326,5.538287293291674,6.271538378319657,0.42416247495475545,3,2,1
26.57173078144981,11.032546204341656,4.742121302329154,7.319524670782956,0.47799536042310264,2,0,0
26.66891357997405,11.126705136827583,4.669978616574814,8.653617268492285,0.5625691271060682,1,0,1
27.317088545345662,8.909033569784802,6.802226004518865,7.139887232839127,0.8222545565187585,4,2,1
30.020409077532697,9.589185712045415,7.843470753733593,7.996118214911129,0.4686501313010536,4,0,0
25.646105545011903,8.894295331514064,5.044038379456808,5.609778074846537,0.03930296549369561,1,0,1
24.403405510923093,9.785078969711265,6.687580055327226,7.157761439293769,1.758786113614391,1,2,0
23.241361543970946,9.69196571581426,2.8694594720968967,5.902631681028933,1.9312196627617682,1,2,0
24.538139920116162,10.77966053226934,5.1230734040142005,5.523075072468099,0.6831407740631359,1,0,1
25.933746054252406,11.310308746119608,5.953411600693647,6.2606285925409635,0.6770137588509457,0,1,1
29.589115727035576,11.395683810789956,4.635474874527249,8.191899334413574,0.014183625548741974,4,0,0
24.964777401927655,9.437831973421698,4.595240437815606,7.950015828669645,1.360501376660748,0,1,0
26.447575903277798,9.790778126255471,4.99833066529667,7.243004722054399,1.6508797914972575,3,2,0
25.967154207854495,8.316561807779049,6.43828909248956,5.467299440110069,0.2932166007200063,3,1,1
28.376786546896167,9.194129933503811,5.719006472390438,6.803719348612063,0.3193326987343015,4,2,0
31.053864851747242,10.964851633097458,2.642653150012542,7.301700008901736,1.5801664999428755,3,0,0
24.938262454159357,11.615582823548232,2.818949771047401,7.175536229578598,1.2325814967082893,1,0,0
25.021121114963556,8.765651128120078,5.089702233214237,5.156206416519254,0.08972111525543403,0,2,1
28.088321754138143,9.407535740847106,6.686529879080328,6.109682151980128,1.2450939809245634,1,2,0
27.363782979252623,9.973594243041074,1.878742735912148,6.935922235851283,0.6178354456875321,3,2,0
29.693414651472068,10.280161158819606,5.250404735772554,7.53629090951719,0.7374503109416919,0,0,1
27.16785637065193,9.190396480078354,5.210628215223869,4.803872178900054,1.5394628365937604,1,0,1
25.28141581842588,10.42406104446409,8.082506667312671,6.837876024520142,1.6218703853452212,4,1,0
27.181309661384617,9.526160652929084,5.422467282430705,7.143048769878952,0.8007132536796613,1,2,1
28.217407161165816,9.985547729121722,6.574483477111393,7.849611988516213,1.8943058720127095,3,1,0
27.64096436239473,10.5462842480037,6.211885710131195,7.692857584237437,0.8129254359041445,0,0,1
27.014548062214594,10.006422269810939,2.804150280289199,7.582571318808805,1.5436720704602198,4,1,0
28.13334937917831,9.56361410947343,7.152310824947606,6.200059493298066,0.9677545291285181,0,1,1
28.338591180891346,9.890390196074168,6.323094758184432,5.091997862876692,1.795064653044168,4,0,0
28.764317982075056,9.911637040794664,6.762402959511885,6.606947242938599,1.8155224873003573,0,0,0
27.297419775179286,9.629988970117873,11.889356559654491,8.00163182520856,0.17483361574216771,3,2,1
25.665763839366292,9.741203937332898,2.8738305907521173,8.393454527524431,1.8729866626204514,4,1,0
26.293427372866645,11.598647170504718,8.587044974641662,7.710549102297786,1.6510696830408313,2,0,0
28.413017933016715,10.560919447941238,5.568828720899466,7.429340822801734,1.5826214286253337,0,0,0
24.366128658025527,9.70451968197084,6.430993356604514,7.379639648385965,0.4018226793710449,0,1,1
26.737346617745803,10.696954404510736,5.931731632048137,6.443881253239219,1.6102384175093298,1,0,1
25.213322375345278,9.66618051024399,5.363645499902935,6.86993970644638,1.7002654693700736,4,2,0
26.057489645869634,11.17312463758664,5.145250607641862,8.66906952582633,0.5783006689083019,2,2,1
28.556903725214596,10.369642192198095,6.494263103359514,6.057441994208124,1.9045201567246475,3,1,0
26.382198136039808,9.89269785599577,3.7242394549924813,8.61477879070985,0.0997202927983285,1,2,1
26.092873096312296,10.447716925810278,7.125868751282648,6.677971845507941,0.2998185064942793,2,0,1
23.28028771804016,8.4291238479315,5.375708392672119,8.325432109095079,1.0751622761030286,4,0,0
27.492507132054442,8.873232531090196,4.304895991439463,5.593184990502461,1.1515849422446194,2,0,0
27.29096836228215,8.806074993600944,5.32498071300628,7.585904201164649,1.2903001666018068,0,0,1
30.32650944661092,10.142943094763707,7.8857238252938595,6.263229864052378,0.033938258630932916,0,1,1
25.384443530094,11.732514999485092,5.196997369475666,5.584732808075812,1.9207335492442605,1,2,1
26.43830065532788,12.231300146192632,6.53768042731443,7.218534042410946,0.08917618546828798,4,2,1
26.49876736742151,10.638051101440757,4.90356558642679,8.009471788595969,0.28612390544680477,4,0,0
29.15490655952695,10.500844474944458,7.1368827748854295,6.155058561406504,0.02802903505211396,2,1,0
25.809408935226095,8.198942265847261,7.028261608185306,5.500984039541599,1.1337168665881894,1,0,1
26.55804305154068,9.457326200265978,8.772913249944617,6.908155235665045,1.8645337678419445,4,0,0
27.21579301943308,9.21221624809176,5.736654081751177,6.912564671222819,1.3318943321609285,0,1,1
26.373218246312717,9.379152401748884,7.00298220713686,7.548319627554498,1.6453149369608546,2,1,0
25.107132770898943,9.83185618141521,6.147101309308417,7.949594571364488,0.026562406917160164,3,0,1
26.388179985796615,9.527909422302873,7.943807672794522,6.940584818727506,1.0840305969594521,0,2,1
28.147263499719543,8.020700189624213,4.921751418586904,8.855503314794262,0.9191259550110438,1,0,0
23.94696940117788,10.747910256117533,7.117507969315922,7.224234744535292,0.9979358884415861,4,2,0
26.265939348293752,8.927256974260194,5.7079540558249775,6.6535734939931,0.1444263706703759,0,2,1
24.599758370121652,10.23924686411115,5.9037177343372536,5.388432640897172,1.368870722138615,3,1,0
28.390093257849685,12.074082669749973,6.137628726672559,6.737340479683832,1.006440829717269,3,1,0
22.953626190432452,9.080615408413577,6.378360594640016,6.663613054588864,1.530297699722528,1,0,0
24.882156305456824,7.469712477253671,5.825656435317063,7.96030479628147,0.9705812681234307,0,2,1
26.754423750129043,9.71399577811989,6.322069774755789,7.462483624066854,0.29876327245286416,2,2,1
29.131048058468682,11.10095963499857,8.367177086343277,5.820630878367383,1.296513908155644,0,0,0
25.868499477854023,11.958347454220593,7.478174528422827,7.172254386411037,0.34477272421033245,3,0,1
24.889600946613605,8.770450405547583,7.303731888745345,7.671531171729053,1.7447891267096298,1,0,0
29.76231413888118,10.496699223236522,5.316690710964194,8.528031359387832,1.226232478138483,1,1,0
23.10397219916751,9.534689543219947,4.666138757657514,7.88750396741406,0.3144077671139085,2,0,0
21.602388086759838,9.894051645695864,7.432950837356629,7.760846654311478,1.9246761149624136,1,0,0
26.880028900106666,12.644343347017035,7.314070188794691,7.0600859946151635,1.0367309266706413,1,2,1
24.99589155129478,8.497029671604846,8.209006013626473,7.388312005423449,0.14579690374331,1,0,1
23.957534365738574,10.253739661494574,5.094029061046156,8.249504900706158,1.2536658088301345,1,2,0
27.416712894598707,10.467693171765433,5.655677016959479,5.667222602520351,0.5063978140256205,1,2,1
26.487601427542398,11.085786324939347,3.540773756211849,6.650560672783044,1.607386903754605,3,1,0
24.871842738526542,10.097983153470896,5.41129334090869,6.227431251243759,1.6356441471323813,0,0,0
23.43939120265821,10.308050539504102,7.494855765869171,7.379153118726125,1.9578947117093237,4,0,0
27.74491465656029,9.608351432578209,5.300256931157703,8.230222175650788,1.0037390620490074,1,2,1
27.30040235591732,10.269126941245107,6.960719692801236,6.403025713278926,0.9099137594554743,4,1,1
25.801648272441234,9.65680772450259,5.7142453410032825,4.609695632530562,1.5069512108929612,4,1,0
29.69327399209533,10.621571889856051,6.486085542332341,6.58777925497553,0.2649413126838531,3,0,0
23.859830467347695,9.630389663956366,4.278462915276499,7.9134737320174064,1.0938310275862484,1,2,0
22.94894965815052,10.377100393902186,6.127814174450852,7.537629902949879,1.0924952002617019,4,0,0
24.616183860237513,9.970737186315022,1.5132960436489151,7.428186247810576,0.17894624562077444,1,0,0
25.908827967289003,11.126050250772169,5.719655762757022,6.720006698125521,0.8359681710138271,2,0,1
26.486678898645383,9.948606276411514,3.5542901344272897,5.720969263780214,1.706569597134404,2,0,0
25.51752788428734,8.226967531793118,7.808991774820224,7.515294321624467,1.7123072439893205,2,2,0
26.704110793028594,11.261921500713992,7.166111029146767,6.165718189965375,0.198475329839362,4,1,1
23.496921151619112,9.094267699137381,6.700006472949122,9.184096733380457,0.1814417654956617,2,0,0
28.887529208146518,9.34623366135118,8.28150934073907,7.570507208354516,0.5253909540038706,3,0,0
25.835697643214864,9.404338705956508,4.576625218762744,6.419351697446049,1.749532125107987,3,0,0
28.234591663176253,11.374438093170816,8.621044796873338,6.388614752611372,0.2578051701469979,4,0,0
26.68545069275541,7.864325786021304,7.398287346390577,6.907055793386411,1.4399936052548925,1,1,1
26.913506438307568,13.137748533659995,5.645167069171581,6.760498077978251,0.20233123922620644,0,1,1
27.13953456046441,11.056056809066051,7.7034302207744165,8.116833775529955,1.2462757074956508,1,1,1
26.89541712003463,10.22323891412916,4.340559731382548,7.186416169744047,0.7121345982382896,1,1,1
27.285445519735088,9.945105999383713,4.7632287577084895,6.268368261091472,1.577827925931734,1,0,0
28.658305060264862,10.285554074857657,5.087115415140449,8.890440685155783,0.4673808976507272,1,2,1
26.39304233940294,10.52112242837934,5.206533437903977,7.049308331520223,1.2784036587799197,0,1,1
27.418007515177024,10.645215585950057,4.415163535859621,7.768839675968897,0.4713650691517699,2,1,0
25.820528611425548,10.555604466003448,7.834624600642988,6.391773492555241,1.4273205662243076,1,0,1
28.880234430898945,10.08958068125525,5.611718399445253,7.3631156277445236,1.7473560691214975,3,0,0
24.64721539588146,9.802661579692673,6.528757452535319,7.311109991143195,0.2536035982535201,4,0,0
29.60188086582163,9.848726716346489,5.1444729503794795,5.110350707903847,1.733191377191007,4,0,0
25.919684098711315,9.805091719647319,3.269095049177224,9.01527511046064,1.1871505088285959,3,2,0
23.138449795763904,11.133770096867064,6.405086037587133,8.290644460922547,0.25422098173404795,1,2,1
26.256208829821578,10.593556722280862,3.1316175368703347,6.602804683854012,0.855083710719424,0,1,1
24.637896685050237,7.059611365335719,5.897048930871797,5.8977302595441445,0.3217205869701958,2,2,0
27.68128709797745,10.65590077652976,3.9475274417507844,7.347561613803552,1.400695777733139,4,1,0
24.69475204139522,10.194736194718775,8.980913998846212,7.086697699414397,1.5177362688358993,2,1,0
25.10763313357044,9.981291243554102,7.3670440832620825,7.355668948563229,0.2115930405455979,0,2,1
22.22091853810894,9.611481546911115,6.1586306869072205,7.19157739619409,1.0122797053892887,4,1,0
25.095387361501846,11.124112719986014,7.895560016482003,7.506240989305926,1.6292501120518343,2,0,0
21.152241346742088,10.947526462122857,4.730526033801397,8.447305699391807,1.872326083101993,0,1,0
22.832194353028555,9.22712233217639,6.815219068005139,7.568103205128646,1.02703573348354,2,0,0
27.520829312288594,10.407052287124536,6.2997156505780705,5.950344501090059,1.900558447222814,1,2,1
27.571600317301666,9.028343265458714,6.396030122000505,8.362562852712452,1.0713779409120596,0,2,1
26.85091512356993,8.62038183521107,7.908530250160152,8.640614563488288,0.7883809891998159,2,1,1
24.066047713741575,9.373282775410035,7.098738154169704,10.152056734512085,1.696406257105791,1,0,0
25.90457728771604,10.86239347238276,6.433085494237535,5.876505966760402,0.9859654209161781,1,1,1
25.992794921818863,10.953125045376087,3.517668845657556,7.242882013150275,0.9438050211290461,0,2,1
23.683270621614916,10.513085420097292,4.559930557080804,4.917901296811013,0.9806249788196566,3,1,0
29.0067966035343,10.725095786847998,5.815936599606414,7.5531491563792095,1.6935700037394907,4,1,0
27.754724581151343,10.516178287114958,6.1400585614149765,6.451799701833227,1.6638830833761042,0,0,1
25.558071652340672,9.358518404777048,4.3046944129891145,8.923445794824953,0.8070399848804224,1,2,1
26.05377167798906,10.43192254467394,9.617515013367631,6.225385029981418,0.66659971974105,1,1,1
26.416765615895105,10.800409525227682,8.27459108288036,5.310816962032739,0.9838560480782585,0,0,1
21.91653026315142,10.754291329813574,6.903177480588726,6.528736259297481,1.145545019474218,3,1,0
25.505645234958806,11.188913371474642,6.108055291925617,5.0245122287828625,0.4766744212559939,4,0,1
24.636031504004404,10.708303847201064,5.681686545148272,7.75109945450731,1.5879101694311812,2,0,0
23.996759980210168,10.351448207541583,4.572122309966646,4.934916953743679,0.9729655314648458,0,1,0
25.437799414228092,11.070150238316428,6.1162207777782935,7.028457581183159,0.6680910968399192,4,2,1
29.595373053699046,9.97347874075094,6.386628810214126,4.922188180143803,0.21364198592798123,4,2,0
27.28168572253402,9.118125348772281,4.1373591367775635,6.679702195463358,0.47769032080721385,1,0,1
24.857642020434405,9.836933036056235,6.501264625867346,8.643378155804534,1.8985623435119674,2,2,0
27.145165562712318,9.25509735519355,5.7671114267628765,7.360647891435795,0.6101993736390532,0,0,1
